"901000000000000668";"UNIT_MEASURE.CODE_UNIT_MEASURE.80760";"1015";"dispositif(s) intra-utérin(s)";"Y";"Y";"UNIT_MEASURE.CODE_UNIT_MEASURE_ABRV.80760";""
"901000000000000433";"UNIT_MEASURE.CODE_UNIT_MEASURE.80761";"1015";"dispositif(s) pour application cutanée";"Y";"Y";"UNIT_MEASURE.CODE_UNIT_MEASURE_ABRV.80761";""
"901000000001000031";"UNIT_MEASURE.CODE_UNIT_MEASURE.80762";"1015";"disque(s)";"Y";"Y";"UNIT_MEASURE.CODE_UNIT_MEASURE_ABRV.80762";""
"901000000001000032";"UNIT_MEASURE.CODE_UNIT_MEASURE.80763";"1015";"distributeur(s)";"Y";"Y";"UNIT_MEASURE.CODE_UNIT_MEASURE_ABRV.80763";""
"901000000000000031";"UNIT_MEASURE.CODE_UNIT_MEASURE.80764";"1015";"DL50 (dose(s) létale(s) 50)";"Y";"Y";"UNIT_MEASURE.CODE_UNIT_MEASURE_ABRV.80764";""
"901000000000000134";"UNIT_MEASURE.CODE_UNIT_MEASURE.80765";"1015";"Dose(s) Létales 50 chez la souris";"Y";"Y";"UNIT_MEASURE.CODE_UNIT_MEASURE_ABRV.80765";""
"901000000000000033";"UNIT_MEASURE.CODE_UNIT_MEASURE.80766";"1015";"dose(s)";"Y";"Y";"UNIT_MEASURE.CODE_UNIT_MEASURE_ABRV.80766";""
"901000000000000692";"UNIT_MEASURE.CODE_UNIT_MEASURE.80767";"1015";"dose(s) de 0,1 ml";"Y";"Y";"UNIT_MEASURE.CODE_UNIT_MEASURE_ABRV.80767";""
"901000000000000693";"UNIT_MEASURE.CODE_UNIT_MEASURE.80768";"1015";"dose(s) de 0,25 ml";"Y";"Y";"UNIT_MEASURE.CODE_UNIT_MEASURE_ABRV.80768";""
"901000000000000441";"UNIT_MEASURE.CODE_UNIT_MEASURE.80769";"1015";"dose(s) de 0,5 ml";"Y";"Y";"UNIT_MEASURE.CODE_UNIT_MEASURE_ABRV.80769";""
"901000000000000443";"UNIT_MEASURE.CODE_UNIT_MEASURE.80770";"1015";"dose(s) de 10 ml";"Y";"Y";"UNIT_MEASURE.CODE_UNIT_MEASURE_ABRV.80770";""
"901000000000000446";"UNIT_MEASURE.CODE_UNIT_MEASURE.80771";"1015";"dose(s) de 15 ml";"Y";"Y";"UNIT_MEASURE.CODE_UNIT_MEASURE_ABRV.80771";""
"901000000000000442";"UNIT_MEASURE.CODE_UNIT_MEASURE.80772";"1015";"dose(s) de 1 ml";"Y";"Y";"UNIT_MEASURE.CODE_UNIT_MEASURE_ABRV.80772";""
"901000000000000448";"UNIT_MEASURE.CODE_UNIT_MEASURE.80773";"1015";"dose(s) de 2,5 ml";"Y";"Y";"UNIT_MEASURE.CODE_UNIT_MEASURE_ABRV.80773";""
"901000000000000707";"UNIT_MEASURE.CODE_UNIT_MEASURE.80774";"1015";"dose(s) de 20 ml";"Y";"Y";"UNIT_MEASURE.CODE_UNIT_MEASURE_ABRV.80774";""
"901000000000000694";"UNIT_MEASURE.CODE_UNIT_MEASURE.80775";"1015";"dose(s) de 2 ml";"Y";"Y";"UNIT_MEASURE.CODE_UNIT_MEASURE_ABRV.80775";""
"901000000000000618";"UNIT_MEASURE.CODE_UNIT_MEASURE.80776";"1015";"dose(s) de 3 ml";"Y";"Y";"UNIT_MEASURE.CODE_UNIT_MEASURE_ABRV.80776";""
"901000000000000450";"UNIT_MEASURE.CODE_UNIT_MEASURE.80777";"1015";"dose(s) de 7,5 ml";"Y";"Y";"UNIT_MEASURE.CODE_UNIT_MEASURE_ABRV.80777";""
"901000000000000709";"UNIT_MEASURE.CODE_UNIT_MEASURE.80778";"1015";"dose(s) délivrée(s)";"Y";"Y";"UNIT_MEASURE.CODE_UNIT_MEASURE_ABRV.80778";""
"901000000000000039";"UNIT_MEASURE.CODE_UNIT_MEASURE.80832";"1015";"germe(s) vivant(s)";"Y";"Y";"UNIT_MEASURE.CODE_UNIT_MEASURE_ABRV.80832";""
"901000000000000140";"UNIT_MEASURE.CODE_UNIT_MEASURE.80833";"1015";"globule(s)";"Y";"Y";"UNIT_MEASURE.CODE_UNIT_MEASURE_ABRV.80833";""
"901000000000000141";"UNIT_MEASURE.CODE_UNIT_MEASURE.80834";"1015";"gobelet(s)";"Y";"Y";"UNIT_MEASURE.CODE_UNIT_MEASURE_ABRV.80834";""
"901000000001000153";"UNIT_MEASURE.CODE_UNIT_MEASURE.80835";"1015";"gobelet(s)";"Y";"Y";"UNIT_MEASURE.CODE_UNIT_MEASURE_ABRV.80835";""
"901000000000000510";"UNIT_MEASURE.CODE_UNIT_MEASURE.80836";"1015";"gobelet(s) doseur(s)";"Y";"Y";"UNIT_MEASURE.CODE_UNIT_MEASURE_ABRV.80836";""
"901000000000000512";"UNIT_MEASURE.CODE_UNIT_MEASURE.80837";"1015";"godet(s) doseur(s)";"Y";"Y";"UNIT_MEASURE.CODE_UNIT_MEASURE_ABRV.80837";""
"901000000000000514";"UNIT_MEASURE.CODE_UNIT_MEASURE.80838";"1015";"gomme(s) à mâcher";"Y";"Y";"UNIT_MEASURE.CODE_UNIT_MEASURE_ABRV.80838";""
"901000000000000515";"UNIT_MEASURE.CODE_UNIT_MEASURE.80839";"1015";"gomme(s) orale(s)";"Y";"Y";"UNIT_MEASURE.CODE_UNIT_MEASURE_ABRV.80839";""
"901000000001000154";"UNIT_MEASURE.CODE_UNIT_MEASURE.80840";"1015";"gourde(s)";"Y";"Y";"UNIT_MEASURE.CODE_UNIT_MEASURE_ABRV.80840";""
"901000000000000143";"UNIT_MEASURE.CODE_UNIT_MEASURE.80841";"1015";"granule(s)";"Y";"Y";"UNIT_MEASURE.CODE_UNIT_MEASURE_ABRV.80841";""
"901000000000000040";"UNIT_MEASURE.CODE_UNIT_MEASURE.80842";"1015";"goutte(s)";"Y";"Y";"UNIT_MEASURE.CODE_UNIT_MEASURE_ABRV.80842";""
"901000000000000041";"UNIT_MEASURE.CODE_UNIT_MEASURE.80843";"1015";"h";"Y";"Y";"UNIT_MEASURE.CODE_UNIT_MEASURE_ABRV.80843";""
"901000000000000523";"UNIT_MEASURE.CODE_UNIT_MEASURE.80844";"1015";"implant(s) oculaire(s)";"Y";"Y";"UNIT_MEASURE.CODE_UNIT_MEASURE_ABRV.80844";""
"901000000001000112";"UNIT_MEASURE.CODE_UNIT_MEASURE.80845";"1015";"inhalateur(s)";"Y";"Y";"UNIT_MEASURE.CODE_UNIT_MEASURE_ABRV.80845";""
"901000000000000145";"UNIT_MEASURE.CODE_UNIT_MEASURE.80846";"1015";"inhalation(s)";"Y";"Y";"UNIT_MEASURE.CODE_UNIT_MEASURE_ABRV.80846";""
"901000000000000146";"UNIT_MEASURE.CODE_UNIT_MEASURE.80847";"1015";"injection(s)";"Y";"Y";"UNIT_MEASURE.CODE_UNIT_MEASURE_ABRV.80847";""
"901000000000000527";"UNIT_MEASURE.CODE_UNIT_MEASURE.80848";"1015";"insert(s)";"Y";"Y";"UNIT_MEASURE.CODE_UNIT_MEASURE_ABRV.80848";""
"901000000000000528";"UNIT_MEASURE.CODE_UNIT_MEASURE.80849";"1015";"instillation(s)";"Y";"Y";"UNIT_MEASURE.CODE_UNIT_MEASURE_ABRV.80849";""
"901000000000000043";"UNIT_MEASURE.CODE_UNIT_MEASURE.80850";"1015";"indice(s) de réactivité (IR)";"Y";"Y";"UNIT_MEASURE.CODE_UNIT_MEASURE_ABRV.80850";""
"901000000000000044";"UNIT_MEASURE.CODE_UNIT_MEASURE.80851";"1015";"jour(s)";"Y";"Y";"UNIT_MEASURE.CODE_UNIT_MEASURE_ABRV.80851";""
"901000000000000147";"UNIT_MEASURE.CODE_UNIT_MEASURE.80852";"1015";"katal(s)";"Y";"Y";"UNIT_MEASURE.CODE_UNIT_MEASURE_ABRV.80852";""
"901000000000000182";"UNIT_MEASURE.CODE_UNIT_MEASURE.80853";"1015";"kBq";"Y";"Y";"UNIT_MEASURE.CODE_UNIT_MEASURE_ABRV.80853";""
"901000000000000045";"UNIT_MEASURE.CODE_UNIT_MEASURE.80854";"1015";"kilocalorie(s)";"Y";"Y";"UNIT_MEASURE.CODE_UNIT_MEASURE_ABRV.80854";""
"901000000000000046";"UNIT_MEASURE.CODE_UNIT_MEASURE.80855";"1015";"kg";"Y";"Y";"UNIT_MEASURE.CODE_UNIT_MEASURE_ABRV.80855";""
"901000000000000149";"UNIT_MEASURE.CODE_UNIT_MEASURE.80856";"1015";"kg/m3";"Y";"Y";"UNIT_MEASURE.CODE_UNIT_MEASURE_ABRV.80856";""
"901000000000000148";"UNIT_MEASURE.CODE_UNIT_MEASURE.80857";"1015";"kg/m²";"Y";"Y";"UNIT_MEASURE.CODE_UNIT_MEASURE_ABRV.80857";""
"901000000001000155";"UNIT_MEASURE.CODE_UNIT_MEASURE.80858";"1015";"kit(s)";"Y";"Y";"UNIT_MEASURE.CODE_UNIT_MEASURE_ABRV.80858";""
"901000000000000047";"UNIT_MEASURE.CODE_UNIT_MEASURE.80859";"1015";"kilojoule(s)";"Y";"Y";"UNIT_MEASURE.CODE_UNIT_MEASURE_ABRV.80859";""
"901000000000000048";"UNIT_MEASURE.CODE_UNIT_MEASURE.80860";"1015";"kUI";"Y";"Y";"UNIT_MEASURE.CODE_UNIT_MEASURE_ABRV.80860";""
"901000000000000049";"UNIT_MEASURE.CODE_UNIT_MEASURE.80861";"1015";"litre(s)";"Y";"Y";"UNIT_MEASURE.CODE_UNIT_MEASURE_ABRV.80861";""
"901000000000000533";"UNIT_MEASURE.CODE_UNIT_MEASURE.80862";"1015";"lavage(s)";"Y";"Y";"UNIT_MEASURE.CODE_UNIT_MEASURE_ABRV.80862";""
"901000000000000667";"UNIT_MEASURE.CODE_UNIT_MEASURE.80863";"1015";"lavement(s)";"Y";"Y";"UNIT_MEASURE.CODE_UNIT_MEASURE_ABRV.80863";""
"901000000000000150";"UNIT_MEASURE.CODE_UNIT_MEASURE.80864";"1015";"lyoc(s)";"Y";"Y";"UNIT_MEASURE.CODE_UNIT_MEASURE_ABRV.80864";""
"901000000000000699";"UNIT_MEASURE.CODE_UNIT_MEASURE.80865";"1015";"lyophilisat(s) oral(aux)";"Y";"Y";"UNIT_MEASURE.CODE_UNIT_MEASURE_ABRV.80865";""
"901000000000000050";"UNIT_MEASURE.CODE_UNIT_MEASURE.80866";"1015";"M";"Y";"Y";"UNIT_MEASURE.CODE_UNIT_MEASURE_ABRV.80866";""
"901000000000000698";"UNIT_MEASURE.CODE_UNIT_MEASURE.80867";"1015";"matrice(s)";"Y";"Y";"UNIT_MEASURE.CODE_UNIT_MEASURE_ABRV.80867";""
"901000000000000053";"UNIT_MEASURE.CODE_UNIT_MEASURE.80868";"1015";"M Bq";"Y";"Y";"UNIT_MEASURE.CODE_UNIT_MEASURE_ABRV.80868";""
"901000000000000054";"UNIT_MEASURE.CODE_UNIT_MEASURE.80869";"1015";"M Bq/ml";"Y";"Y";"UNIT_MEASURE.CODE_UNIT_MEASURE_ABRV.80869";""
"901000000000000055";"UNIT_MEASURE.CODE_UNIT_MEASURE.80870";"1015";"milliard(s) de germes";"Y";"Y";"UNIT_MEASURE.CODE_UNIT_MEASURE_ABRV.80870";""
"901000000000000706";"UNIT_MEASURE.CODE_UNIT_MEASURE.80871";"1015";"million(s) de Doses Infectant 50% des Cultures Cellulaires (M DICC50)";"Y";"Y";"UNIT_MEASURE.CODE_UNIT_MEASURE_ABRV.80871";""
"901000000000000538";"UNIT_MEASURE.CODE_UNIT_MEASURE.80872";"1015";"mèche(s)";"Y";"Y";"UNIT_MEASURE.CODE_UNIT_MEASURE_ABRV.80872";""
"901000000000000056";"UNIT_MEASURE.CODE_UNIT_MEASURE.80873";"1015";"mEq";"Y";"Y";"UNIT_MEASURE.CODE_UNIT_MEASURE_ABRV.80873";""
"901000000000000539";"UNIT_MEASURE.CODE_UNIT_MEASURE.80874";"1015";"mesure(s)";"Y";"Y";"UNIT_MEASURE.CODE_UNIT_MEASURE_ABRV.80874";""
"901000000000000540";"UNIT_MEASURE.CODE_UNIT_MEASURE.80875";"1015";"mesure(s) de 7,5 ml";"Y";"Y";"UNIT_MEASURE.CODE_UNIT_MEASURE_ABRV.80875";""
"901000000000000541";"UNIT_MEASURE.CODE_UNIT_MEASURE.80876";"1015";"mesurette(s)";"Y";"Y";"UNIT_MEASURE.CODE_UNIT_MEASURE_ABRV.80876";""
"901000000000000153";"UNIT_MEASURE.CODE_UNIT_MEASURE.80877";"1015";"m";"Y";"Y";"UNIT_MEASURE.CODE_UNIT_MEASURE_ABRV.80877";""
"901000000000000057";"UNIT_MEASURE.CODE_UNIT_MEASURE.80878";"1015";"mg";"Y";"Y";"UNIT_MEASURE.CODE_UNIT_MEASURE_ABRV.80878";""
"901000000000000633";"UNIT_MEASURE.CODE_UNIT_MEASURE.80879";"1015";"mg/16 h";"Y";"Y";"UNIT_MEASURE.CODE_UNIT_MEASURE_ABRV.80879";""
"901000000000000634";"UNIT_MEASURE.CODE_UNIT_MEASURE.80880";"1015";"mg/24 h";"Y";"Y";"UNIT_MEASURE.CODE_UNIT_MEASURE_ABRV.80880";""
"901000000000000635";"UNIT_MEASURE.CODE_UNIT_MEASURE.80881";"1015";"mg/72 h";"Y";"Y";"UNIT_MEASURE.CODE_UNIT_MEASURE_ABRV.80881";""
"901000000000000684";"UNIT_MEASURE.CODE_UNIT_MEASURE.80882";"1015";"mg/cm²";"Y";"Y";"UNIT_MEASURE.CODE_UNIT_MEASURE_ABRV.80882";""
"901000000000000636";"UNIT_MEASURE.CODE_UNIT_MEASURE.80883";"1015";"mg/dose";"Y";"Y";"UNIT_MEASURE.CODE_UNIT_MEASURE_ABRV.80883";""
"901000000000000637";"UNIT_MEASURE.CODE_UNIT_MEASURE.80884";"1015";"mg/g";"Y";"Y";"UNIT_MEASURE.CODE_UNIT_MEASURE_ABRV.80884";""
"901000000000000639";"UNIT_MEASURE.CODE_UNIT_MEASURE.80885";"1015";"mg/litre";"Y";"Y";"UNIT_MEASURE.CODE_UNIT_MEASURE_ABRV.80885";""
"901000000000000640";"UNIT_MEASURE.CODE_UNIT_MEASURE.80886";"1015";"mg/ml";"Y";"Y";"UNIT_MEASURE.CODE_UNIT_MEASURE_ABRV.80886";""
"901000000000000641";"UNIT_MEASURE.CODE_UNIT_MEASURE.80887";"1015";"mg/mm";"Y";"Y";"UNIT_MEASURE.CODE_UNIT_MEASURE_ABRV.80887";""
"901000000000000058";"UNIT_MEASURE.CODE_UNIT_MEASURE.80888";"1015";"mg/m²";"Y";"Y";"UNIT_MEASURE.CODE_UNIT_MEASURE_ABRV.80888";""
"901000000000000154";"UNIT_MEASURE.CODE_UNIT_MEASURE.80889";"1015";"mm";"Y";"Y";"UNIT_MEASURE.CODE_UNIT_MEASURE_ABRV.80889";""
"901000000000000155";"UNIT_MEASURE.CODE_UNIT_MEASURE.80890";"1015";"ms";"Y";"Y";"UNIT_MEASURE.CODE_UNIT_MEASURE_ABRV.80890";""
"901000000000000059";"UNIT_MEASURE.CODE_UNIT_MEASURE.80891";"1015";"minute(s)";"Y";"Y";"UNIT_MEASURE.CODE_UNIT_MEASURE_ABRV.80891";""
"901000000000000060";"UNIT_MEASURE.CODE_UNIT_MEASURE.80892";"1015";"ml";"Y";"Y";"UNIT_MEASURE.CODE_UNIT_MEASURE_ABRV.80892";""
"901000000000000679";"UNIT_MEASURE.CODE_UNIT_MEASURE.80893";"1015";"ml/g";"Y";"Y";"UNIT_MEASURE.CODE_UNIT_MEASURE_ABRV.80893";""
"901000000000000180";"UNIT_MEASURE.CODE_UNIT_MEASURE.80894";"1015";"ml/mn";"Y";"Y";"UNIT_MEASURE.CODE_UNIT_MEASURE_ABRV.80894";""
"901000000000000642";"UNIT_MEASURE.CODE_UNIT_MEASURE.80895";"1015";"ml/ml";"Y";"Y";"UNIT_MEASURE.CODE_UNIT_MEASURE_ABRV.80895";""
"901000000000000061";"UNIT_MEASURE.CODE_UNIT_MEASURE.80896";"1015";"mmol";"Y";"Y";"UNIT_MEASURE.CODE_UNIT_MEASURE_ABRV.80896";""
"901000000000000643";"UNIT_MEASURE.CODE_UNIT_MEASURE.80897";"1015";"mmol/litre";"Y";"Y";"UNIT_MEASURE.CODE_UNIT_MEASURE_ABRV.80897";""
"901000000000000644";"UNIT_MEASURE.CODE_UNIT_MEASURE.80898";"1015";"mmol/ml";"Y";"Y";"UNIT_MEASURE.CODE_UNIT_MEASURE_ABRV.80898";""
"901000000000000062";"UNIT_MEASURE.CODE_UNIT_MEASURE.80899";"1015";"mois";"Y";"Y";"UNIT_MEASURE.CODE_UNIT_MEASURE_ABRV.80899";""
"901000000000000156";"UNIT_MEASURE.CODE_UNIT_MEASURE.80900";"1015";"mole(s)";"Y";"Y";"UNIT_MEASURE.CODE_UNIT_MEASURE_ABRV.80900";""
"901000000000000632";"UNIT_MEASURE.CODE_UNIT_MEASURE.80901";"1015";"mole/ml";"Y";"Y";"UNIT_MEASURE.CODE_UNIT_MEASURE_ABRV.80901";""
"901000000000000064";"UNIT_MEASURE.CODE_UNIT_MEASURE.80902";"1015";"milliosmole(s)/litre";"Y";"Y";"UNIT_MEASURE.CODE_UNIT_MEASURE_ABRV.80902";""
"901000000000000116";"UNIT_MEASURE.CODE_UNIT_MEASURE.80903";"1015";"M U";"Y";"Y";"UNIT_MEASURE.CODE_UNIT_MEASURE_ABRV.80903";""
"901000000000000115";"UNIT_MEASURE.CODE_UNIT_MEASURE.80904";"1015";"million(s) d''Unités Catalase";"Y";"Y";"UNIT_MEASURE.CODE_UNIT_MEASURE_ABRV.80904";""
"901000000000000683";"UNIT_MEASURE.CODE_UNIT_MEASURE.80905";"1015";"million(s) d''Unités Catalase/g";"Y";"Y";"UNIT_MEASURE.CODE_UNIT_MEASURE_ABRV.80905";""
"901000000000000051";"UNIT_MEASURE.CODE_UNIT_MEASURE.80906";"1015";"M UI";"Y";"Y";"UNIT_MEASURE.CODE_UNIT_MEASURE_ABRV.80906";""
"901000000000000680";"UNIT_MEASURE.CODE_UNIT_MEASURE.80907";"1015";"M UI/g";"Y";"Y";"UNIT_MEASURE.CODE_UNIT_MEASURE_ABRV.80907";""
"901000000000000114";"UNIT_MEASURE.CODE_UNIT_MEASURE.80908";"1015";"million(s) d''Unités d''Inactivation de Kallidocréine";"Y";"Y";"UNIT_MEASURE.CODE_UNIT_MEASURE_ABRV.80908";""
"901000000000000646";"UNIT_MEASURE.CODE_UNIT_MEASURE.80909";"1015";"million(s) d''Unités d''Inactivation de Kallidocréine/ml";"Y";"Y";"UNIT_MEASURE.CODE_UNIT_MEASURE_ABRV.80909";""
"901000000001000156";"UNIT_MEASURE.CODE_UNIT_MEASURE.80910";"1015";"nécessaire(s)";"Y";"Y";"UNIT_MEASURE.CODE_UNIT_MEASURE_ABRV.80910";""
"901000000000000067";"UNIT_MEASURE.CODE_UNIT_MEASURE.80911";"1015";"ng";"Y";"Y";"UNIT_MEASURE.CODE_UNIT_MEASURE_ABRV.80911";""
"901000000000000678";"UNIT_MEASURE.CODE_UNIT_MEASURE.80912";"1015";"ng/ml";"Y";"Y";"UNIT_MEASURE.CODE_UNIT_MEASURE_ABRV.80912";""
"901000000000000068";"UNIT_MEASURE.CODE_UNIT_MEASURE.80913";"1015";"nK";"Y";"Y";"UNIT_MEASURE.CODE_UNIT_MEASURE_ABRV.80913";""
"901000000000000069";"UNIT_MEASURE.CODE_UNIT_MEASURE.80914";"1015";"nkatal";"Y";"Y";"UNIT_MEASURE.CODE_UNIT_MEASURE_ABRV.80914";""
"901000000000000070";"UNIT_MEASURE.CODE_UNIT_MEASURE.80915";"1015";"osmole(s)";"Y";"Y";"UNIT_MEASURE.CODE_UNIT_MEASURE_ABRV.80915";""
"901000000001000157";"UNIT_MEASURE.CODE_UNIT_MEASURE.80916";"1015";"outre(s)";"Y";"Y";"UNIT_MEASURE.CODE_UNIT_MEASURE_ABRV.80916";""
"901000000001000061";"UNIT_MEASURE.CODE_UNIT_MEASURE.80917";"1015";"pain(s)";"Y";"Y";"UNIT_MEASURE.CODE_UNIT_MEASURE_ABRV.80917";""
"901000000000000158";"UNIT_MEASURE.CODE_UNIT_MEASURE.80918";"1015";"paire(s)";"Y";"Y";"UNIT_MEASURE.CODE_UNIT_MEASURE_ABRV.80918";""
"901000000000000550";"UNIT_MEASURE.CODE_UNIT_MEASURE.80919";"1015";"pansement(s)";"Y";"Y";"UNIT_MEASURE.CODE_UNIT_MEASURE_ABRV.80919";""
"901000000001000158";"UNIT_MEASURE.CODE_UNIT_MEASURE.80920";"1015";"paquet(s)";"Y";"Y";"UNIT_MEASURE.CODE_UNIT_MEASURE_ABRV.80920";""
"901000000000000718";"UNIT_MEASURE.CODE_UNIT_MEASURE.80921";"1015";"par 24 heures";"Y";"Y";"UNIT_MEASURE.CODE_UNIT_MEASURE_ABRV.80921";""
"901000000000000719";"UNIT_MEASURE.CODE_UNIT_MEASURE.80922";"1015";"par 48 heures";"Y";"Y";"UNIT_MEASURE.CODE_UNIT_MEASURE_ABRV.80922";""
"901000000000000716";"UNIT_MEASURE.CODE_UNIT_MEASURE.80923";"1015";"par heure";"Y";"Y";"UNIT_MEASURE.CODE_UNIT_MEASURE_ABRV.80923";""
"901000000000000717";"UNIT_MEASURE.CODE_UNIT_MEASURE.80924";"1015";"par jour";"Y";"Y";"UNIT_MEASURE.CODE_UNIT_MEASURE_ABRV.80924";""
"901000000000000715";"UNIT_MEASURE.CODE_UNIT_MEASURE.80925";"1015";"par minute";"Y";"Y";"UNIT_MEASURE.CODE_UNIT_MEASURE_ABRV.80925";""
"901000000000000721";"UNIT_MEASURE.CODE_UNIT_MEASURE.80926";"1015";"par mois";"Y";"Y";"UNIT_MEASURE.CODE_UNIT_MEASURE_ABRV.80926";""
"901000000000000720";"UNIT_MEASURE.CODE_UNIT_MEASURE.80927";"1015";"par semaine";"Y";"Y";"UNIT_MEASURE.CODE_UNIT_MEASURE_ABRV.80927";""
"901000000000000159";"UNIT_MEASURE.CODE_UNIT_MEASURE.80928";"1015";"pastille(s)";"Y";"Y";"UNIT_MEASURE.CODE_UNIT_MEASURE_ABRV.80928";""
"901000000000000160";"UNIT_MEASURE.CODE_UNIT_MEASURE.80929";"1015";"pâte(s)";"Y";"Y";"UNIT_MEASURE.CODE_UNIT_MEASURE_ABRV.80929";""
"901000000000000553";"UNIT_MEASURE.CODE_UNIT_MEASURE.80930";"1015";"pâte(s) à mâcher";"Y";"Y";"UNIT_MEASURE.CODE_UNIT_MEASURE_ABRV.80930";""
"901000000000000554";"UNIT_MEASURE.CODE_UNIT_MEASURE.80931";"1015";"pâte(s) à sucer";"Y";"Y";"UNIT_MEASURE.CODE_UNIT_MEASURE_ABRV.80931";""
"901000000000000557";"UNIT_MEASURE.CODE_UNIT_MEASURE.80932";"1015";"perle(s)";"Y";"Y";"UNIT_MEASURE.CODE_UNIT_MEASURE_ABRV.80932";""
"901000000000000161";"UNIT_MEASURE.CODE_UNIT_MEASURE.80933";"1015";"petite(s) cuillère(s)-mesure";"Y";"Y";"UNIT_MEASURE.CODE_UNIT_MEASURE_ABRV.80933";""
"901000000000000163";"UNIT_MEASURE.CODE_UNIT_MEASURE.80934";"1015";"pilule(s)";"Y";"Y";"UNIT_MEASURE.CODE_UNIT_MEASURE_ABRV.80934";""
"901000000000000560";"UNIT_MEASURE.CODE_UNIT_MEASURE.80935";"1015";"pipette(s)";"Y";"Y";"UNIT_MEASURE.CODE_UNIT_MEASURE_ABRV.80935";""
"901000000001000159";"UNIT_MEASURE.CODE_UNIT_MEASURE.80936";"1015";"pipette(s)";"Y";"Y";"UNIT_MEASURE.CODE_UNIT_MEASURE_ABRV.80936";""
"901000000000000561";"UNIT_MEASURE.CODE_UNIT_MEASURE.80937";"1015";"pipette(s)-doseuses";"Y";"Y";"UNIT_MEASURE.CODE_UNIT_MEASURE_ABRV.80937";""
"901000000001000063";"UNIT_MEASURE.CODE_UNIT_MEASURE.80938";"1015";"plaquette(s)";"Y";"Y";"UNIT_MEASURE.CODE_UNIT_MEASURE_ABRV.80938";""
"901000000000000181";"UNIT_MEASURE.CODE_UNIT_MEASURE.80939";"1015";"plaquette(s)/mm3";"Y";"Y";"UNIT_MEASURE.CODE_UNIT_MEASURE_ABRV.80939";""
"901000000001000064";"UNIT_MEASURE.CODE_UNIT_MEASURE.80940";"1015";"plaquette(s) thermoformée(s)";"Y";"Y";"UNIT_MEASURE.CODE_UNIT_MEASURE_ABRV.80940";""
"901000000001000075";"UNIT_MEASURE.CODE_UNIT_MEASURE.81099";"1015";"récipient(s) unidose";"Y";"Y";"UNIT_MEASURE.CODE_UNIT_MEASURE_ABRV.81099";""
"901000000000000167";"UNIT_MEASURE.CODE_UNIT_MEASURE.81100";"1015";"réglette(s)";"Y";"Y";"UNIT_MEASURE.CODE_UNIT_MEASURE_ABRV.81100";""
"901000000001000076";"UNIT_MEASURE.CODE_UNIT_MEASURE.81101";"1015";"réglette(s)";"Y";"Y";"UNIT_MEASURE.CODE_UNIT_MEASURE_ABRV.81101";""
"901000000001000168";"UNIT_MEASURE.CODE_UNIT_MEASURE.81102";"1015";"roll-on";"Y";"Y";"UNIT_MEASURE.CODE_UNIT_MEASURE_ABRV.81102";""
"901000000001000169";"UNIT_MEASURE.CODE_UNIT_MEASURE.81103";"1015";"rouleau(x)";"Y";"Y";"UNIT_MEASURE.CODE_UNIT_MEASURE_ABRV.81103";""
"901000000001000077";"UNIT_MEASURE.CODE_UNIT_MEASURE.81104";"1015";"sac(s)";"Y";"Y";"UNIT_MEASURE.CODE_UNIT_MEASURE_ABRV.81104";""
"901000000000000580";"UNIT_MEASURE.CODE_UNIT_MEASURE.81105";"1015";"sachet(s)";"Y";"Y";"UNIT_MEASURE.CODE_UNIT_MEASURE_ABRV.81105";""
"901000000000000168";"UNIT_MEASURE.CODE_UNIT_MEASURE.81106";"1015";"sachet(s)";"Y";"Y";"UNIT_MEASURE.CODE_UNIT_MEASURE_ABRV.81106";""
"901000000001000078";"UNIT_MEASURE.CODE_UNIT_MEASURE.81107";"1015";"sachet(s)";"Y";"Y";"UNIT_MEASURE.CODE_UNIT_MEASURE_ABRV.81107";""
"901000000001000079";"UNIT_MEASURE.CODE_UNIT_MEASURE.81108";"1015";"sachet(s) bicompartimenté(s)";"Y";"Y";"UNIT_MEASURE.CODE_UNIT_MEASURE_ABRV.81108";""
"901000000001000080";"UNIT_MEASURE.CODE_UNIT_MEASURE.81109";"1015";"sachet(s) bipoche(s)";"Y";"Y";"UNIT_MEASURE.CODE_UNIT_MEASURE_ABRV.81109";""
"901000000001000085";"UNIT_MEASURE.CODE_UNIT_MEASURE.81110";"1015";"sachet(s)-dose";"Y";"Y";"UNIT_MEASURE.CODE_UNIT_MEASURE_ABRV.81110";""
"901000000001000081";"UNIT_MEASURE.CODE_UNIT_MEASURE.81111";"1015";"sachet(s) double(s)";"Y";"Y";"UNIT_MEASURE.CODE_UNIT_MEASURE_ABRV.81111";""
"901000000001000190";"UNIT_MEASURE.CODE_UNIT_MEASURE.81112";"1015";"sachet(s) kraft";"Y";"Y";"UNIT_MEASURE.CODE_UNIT_MEASURE_ABRV.81112";""
"901000000001000083";"UNIT_MEASURE.CODE_UNIT_MEASURE.81113";"1015";"sachet(s) thermosoudé(s)";"Y";"Y";"UNIT_MEASURE.CODE_UNIT_MEASURE_ABRV.81113";""
"901000000001000193";"UNIT_MEASURE.CODE_UNIT_MEASURE.81114";"1015";"sachet(s) triple(s)";"Y";"Y";"UNIT_MEASURE.CODE_UNIT_MEASURE_ABRV.81114";""
"901000000001000084";"UNIT_MEASURE.CODE_UNIT_MEASURE.81115";"1015";"sachet(s) unidose";"Y";"Y";"UNIT_MEASURE.CODE_UNIT_MEASURE_ABRV.81115";""
"901000000001000170";"UNIT_MEASURE.CODE_UNIT_MEASURE.81116";"1015";"salière(s)";"Y";"Y";"UNIT_MEASURE.CODE_UNIT_MEASURE_ABRV.81116";""
"901000000000000076";"UNIT_MEASURE.CODE_UNIT_MEASURE.81117";"1015";"séance(s)";"Y";"Y";"UNIT_MEASURE.CODE_UNIT_MEASURE_ABRV.81117";""
"901000000001000171";"UNIT_MEASURE.CODE_UNIT_MEASURE.81118";"1015";"seau(x)";"Y";"Y";"UNIT_MEASURE.CODE_UNIT_MEASURE_ABRV.81118";""
"901000000000000077";"UNIT_MEASURE.CODE_UNIT_MEASURE.81119";"1015";"semaine(s)";"Y";"Y";"UNIT_MEASURE.CODE_UNIT_MEASURE_ABRV.81119";""
"901000000000000584";"UNIT_MEASURE.CODE_UNIT_MEASURE.81120";"1015";"seringue(s)";"Y";"Y";"UNIT_MEASURE.CODE_UNIT_MEASURE_ABRV.81120";""
"901000000001000086";"UNIT_MEASURE.CODE_UNIT_MEASURE.81121";"1015";"seringue(s)";"Y";"Y";"UNIT_MEASURE.CODE_UNIT_MEASURE_ABRV.81121";""
"901000000001000087";"UNIT_MEASURE.CODE_UNIT_MEASURE.81122";"1015";"seringue(s) auto-injectable(s)";"Y";"Y";"UNIT_MEASURE.CODE_UNIT_MEASURE_ABRV.81122";""
"901000000000000585";"UNIT_MEASURE.CODE_UNIT_MEASURE.81123";"1015";"seringue(s) bicompartimentée(s)";"Y";"Y";"UNIT_MEASURE.CODE_UNIT_MEASURE_ABRV.81123";""
"901000000001000088";"UNIT_MEASURE.CODE_UNIT_MEASURE.81124";"1015";"seringue(s) bicompartimentée(s)";"Y";"Y";"UNIT_MEASURE.CODE_UNIT_MEASURE_ABRV.81124";""
"901000000000000587";"UNIT_MEASURE.CODE_UNIT_MEASURE.81125";"1015";"seringue(s)-cartouche";"Y";"Y";"UNIT_MEASURE.CODE_UNIT_MEASURE_ABRV.81125";""
"901000000000000700";"UNIT_MEASURE.CODE_UNIT_MEASURE.81126";"1015";"seringue(s) graduée(s)";"Y";"Y";"UNIT_MEASURE.CODE_UNIT_MEASURE_ABRV.81126";""
"901000000001000092";"UNIT_MEASURE.CODE_UNIT_MEASURE.81127";"1015";"seringue(s) graduée(s)";"Y";"Y";"UNIT_MEASURE.CODE_UNIT_MEASURE_ABRV.81127";""
"901000000001000093";"UNIT_MEASURE.CODE_UNIT_MEASURE.81128";"1015";"seringue(s) pour perfuseur électrique";"Y";"Y";"UNIT_MEASURE.CODE_UNIT_MEASURE_ABRV.81128";""
"901000000000000586";"UNIT_MEASURE.CODE_UNIT_MEASURE.81129";"1015";"seringue(s) préremplie(s)";"Y";"Y";"UNIT_MEASURE.CODE_UNIT_MEASURE_ABRV.81129";""
"901000000001000094";"UNIT_MEASURE.CODE_UNIT_MEASURE.81130";"1015";"seringue(s) préremplie(s)";"Y";"Y";"UNIT_MEASURE.CODE_UNIT_MEASURE_ABRV.81130";""
"901000000001000097";"UNIT_MEASURE.CODE_UNIT_MEASURE.81131";"1015";"seringue(s) préremplie(s) de solvant";"Y";"Y";"UNIT_MEASURE.CODE_UNIT_MEASURE_ABRV.81131";""
"901000000001000113";"UNIT_MEASURE.CODE_UNIT_MEASURE.81132";"1015";"seringue(s) préremplie(s) de suspension";"Y";"Y";"UNIT_MEASURE.CODE_UNIT_MEASURE_ABRV.81132";""
"901000000001000098";"UNIT_MEASURE.CODE_UNIT_MEASURE.81133";"1015";"seringue(s) préremplie(s) graduée(s)";"Y";"Y";"UNIT_MEASURE.CODE_UNIT_MEASURE_ABRV.81133";""
"901000000001000172";"UNIT_MEASURE.CODE_UNIT_MEASURE.81134";"1015";"spray(s)";"Y";"Y";"UNIT_MEASURE.CODE_UNIT_MEASURE_ABRV.81134";""
"901000000001000173";"UNIT_MEASURE.CODE_UNIT_MEASURE.81135";"1015";"stick(s)";"Y";"Y";"UNIT_MEASURE.CODE_UNIT_MEASURE_ABRV.81135";""
"901000000001000174";"UNIT_MEASURE.CODE_UNIT_MEASURE.81136";"1015";"stylo(s)";"Y";"Y";"UNIT_MEASURE.CODE_UNIT_MEASURE_ABRV.81136";""
"901000000001000099";"UNIT_MEASURE.CODE_UNIT_MEASURE.81137";"1015";"stylo(s) injecteur(s)";"Y";"Y";"UNIT_MEASURE.CODE_UNIT_MEASURE_ABRV.81137";""
"901000000000000708";"UNIT_MEASURE.CODE_UNIT_MEASURE.81138";"1015";"stylo(s) prérempli(s)";"Y";"Y";"UNIT_MEASURE.CODE_UNIT_MEASURE_ABRV.81138";""
"901000000000000622";"UNIT_MEASURE.CODE_UNIT_MEASURE.81139";"1015";"sucette(s)";"Y";"Y";"UNIT_MEASURE.CODE_UNIT_MEASURE_ABRV.81139";""
"901000000000000170";"UNIT_MEASURE.CODE_UNIT_MEASURE.81140";"1015";"suppositoire(s)";"Y";"Y";"UNIT_MEASURE.CODE_UNIT_MEASURE_ABRV.81140";""
"901000000000000171";"UNIT_MEASURE.CODE_UNIT_MEASURE.81141";"1015";"tablette(s)";"Y";"Y";"UNIT_MEASURE.CODE_UNIT_MEASURE_ABRV.81141";""
"901000000001000175";"UNIT_MEASURE.CODE_UNIT_MEASURE.81142";"1015";"tablette(s)";"Y";"Y";"UNIT_MEASURE.CODE_UNIT_MEASURE_ABRV.81142";""
"901000000000000172";"UNIT_MEASURE.CODE_UNIT_MEASURE.81143";"1015";"tampon(s)";"Y";"Y";"UNIT_MEASURE.CODE_UNIT_MEASURE_ABRV.81143";""
"901000000001000100";"UNIT_MEASURE.CODE_UNIT_MEASURE.81144";"1015";"tampon(s)";"Y";"Y";"UNIT_MEASURE.CODE_UNIT_MEASURE_ABRV.81144";""
"901000000000000173";"UNIT_MEASURE.CODE_UNIT_MEASURE.81145";"1015";"timbre(s)";"Y";"Y";"UNIT_MEASURE.CODE_UNIT_MEASURE_ABRV.81145";""
"901000000000000726";"UNIT_MEASURE.CODE_UNIT_MEASURE.81146";"1015";"toutes les 4 à 6 heures";"Y";"Y";"UNIT_MEASURE.CODE_UNIT_MEASURE_ABRV.81146";""
"901000000000000725";"UNIT_MEASURE.CODE_UNIT_MEASURE.81147";"1015";"toutes les 4 heures";"Y";"Y";"UNIT_MEASURE.CODE_UNIT_MEASURE_ABRV.81147";""
"901000000000000724";"UNIT_MEASURE.CODE_UNIT_MEASURE.81148";"1015";"toutes les 6 heures";"Y";"Y";"UNIT_MEASURE.CODE_UNIT_MEASURE_ABRV.81148";""
"901000000000000723";"UNIT_MEASURE.CODE_UNIT_MEASURE.81149";"1015";"toutes les n heures";"Y";"Y";"UNIT_MEASURE.CODE_UNIT_MEASURE_ABRV.81149";""
"901000000000000079";"UNIT_MEASURE.CODE_UNIT_MEASURE.81150";"1015";"trace(s)";"Y";"Y";"UNIT_MEASURE.CODE_UNIT_MEASURE_ABRV.81150";""
"901000000001000110";"UNIT_MEASURE.CODE_UNIT_MEASURE.80941";"1015";"plaquette(s) thermoformée(s) prédécoupée(s)";"Y";"Y";"UNIT_MEASURE.CODE_UNIT_MEASURE_ABRV.80941";""
"901000000000000072";"UNIT_MEASURE.CODE_UNIT_MEASURE.80942";"1015";"Protein Nitrogen Unit(s)";"Y";"Y";"UNIT_MEASURE.CODE_UNIT_MEASURE_ABRV.80942";""
"901000000001000066";"UNIT_MEASURE.CODE_UNIT_MEASURE.80943";"1015";"poche(s)";"Y";"Y";"UNIT_MEASURE.CODE_UNIT_MEASURE_ABRV.80943";""
"901000000001000070";"UNIT_MEASURE.CODE_UNIT_MEASURE.80944";"1015";"poche(s) bicompartimentée(s)";"Y";"Y";"UNIT_MEASURE.CODE_UNIT_MEASURE_ABRV.80944";""
"901000000001000120";"UNIT_MEASURE.CODE_UNIT_MEASURE.80945";"1015";"poche(s) biluer";"Y";"Y";"UNIT_MEASURE.CODE_UNIT_MEASURE_ABRV.80945";""
"901000000001000160";"UNIT_MEASURE.CODE_UNIT_MEASURE.80946";"1015";"poche(s) Clearflex";"Y";"Y";"UNIT_MEASURE.CODE_UNIT_MEASURE_ABRV.80946";""
"901000000001000071";"UNIT_MEASURE.CODE_UNIT_MEASURE.80947";"1015";"poche(s) double(s)";"Y";"Y";"UNIT_MEASURE.CODE_UNIT_MEASURE_ABRV.80947";""
"901000000001000122";"UNIT_MEASURE.CODE_UNIT_MEASURE.80948";"1015";"poche(s) double(s) bicompartimentée(s)";"Y";"Y";"UNIT_MEASURE.CODE_UNIT_MEASURE_ABRV.80948";""
"901000000001000119";"UNIT_MEASURE.CODE_UNIT_MEASURE.80949";"1015";"poche(s) monoluer";"Y";"Y";"UNIT_MEASURE.CODE_UNIT_MEASURE_ABRV.80949";""
"901000000001000121";"UNIT_MEASURE.CODE_UNIT_MEASURE.80950";"1015";"poche(s) simple(s) bicompartimentée(s)";"Y";"Y";"UNIT_MEASURE.CODE_UNIT_MEASURE_ABRV.80950";""
"901000000001000072";"UNIT_MEASURE.CODE_UNIT_MEASURE.80951";"1015";"poche(s) souple(s)";"Y";"Y";"UNIT_MEASURE.CODE_UNIT_MEASURE_ABRV.80951";""
"901000000001000161";"UNIT_MEASURE.CODE_UNIT_MEASURE.80952";"1015";"poche(s) souple(s) Viaflex E";"Y";"Y";"UNIT_MEASURE.CODE_UNIT_MEASURE_ABRV.80952";""
"901000000001000116";"UNIT_MEASURE.CODE_UNIT_MEASURE.80953";"1015";"poche(s) suremballée(s)";"Y";"Y";"UNIT_MEASURE.CODE_UNIT_MEASURE_ABRV.80953";""
"901000000001000115";"UNIT_MEASURE.CODE_UNIT_MEASURE.80954";"1015";"poche(s) tricompartimentée(s)";"Y";"Y";"UNIT_MEASURE.CODE_UNIT_MEASURE_ABRV.80954";""
"901000000001000163";"UNIT_MEASURE.CODE_UNIT_MEASURE.80955";"1015";"pochette(s)";"Y";"Y";"UNIT_MEASURE.CODE_UNIT_MEASURE_ABRV.80955";""
"901000000001000162";"UNIT_MEASURE.CODE_UNIT_MEASURE.80956";"1015";"poche(s) Viaflo";"Y";"Y";"UNIT_MEASURE.CODE_UNIT_MEASURE_ABRV.80956";""
"901000000001000073";"UNIT_MEASURE.CODE_UNIT_MEASURE.80957";"1015";"poire(s)";"Y";"Y";"UNIT_MEASURE.CODE_UNIT_MEASURE_ABRV.80957";""
"901000000001000124";"UNIT_MEASURE.CODE_UNIT_MEASURE.80958";"1015";"pompe(s)";"Y";"Y";"UNIT_MEASURE.CODE_UNIT_MEASURE_ABRV.80958";""
"901000000000000002";"UNIT_MEASURE.CODE_UNIT_MEASURE.80959";"1015";"%/24 h";"Y";"Y";"UNIT_MEASURE.CODE_UNIT_MEASURE_ABRV.80959";""
"901000000000000005";"UNIT_MEASURE.CODE_UNIT_MEASURE.80960";"1015";"µg";"Y";"Y";"UNIT_MEASURE.CODE_UNIT_MEASURE_ABRV.80960";""
"901000000000000623";"UNIT_MEASURE.CODE_UNIT_MEASURE.80961";"1015";"µg/µl";"Y";"Y";"UNIT_MEASURE.CODE_UNIT_MEASURE_ABRV.80961";""
"901000000000000006";"UNIT_MEASURE.CODE_UNIT_MEASURE.80962";"1015";"µg/24 h";"Y";"Y";"UNIT_MEASURE.CODE_UNIT_MEASURE_ABRV.80962";""
"901000000000000624";"UNIT_MEASURE.CODE_UNIT_MEASURE.80963";"1015";"µg/dose";"Y";"Y";"UNIT_MEASURE.CODE_UNIT_MEASURE_ABRV.80963";""
"901000000000000118";"UNIT_MEASURE.CODE_UNIT_MEASURE.80964";"1015";"µg/h";"Y";"Y";"UNIT_MEASURE.CODE_UNIT_MEASURE_ABRV.80964";""
"901000000000000626";"UNIT_MEASURE.CODE_UNIT_MEASURE.80965";"1015";"µg/ml";"Y";"Y";"UNIT_MEASURE.CODE_UNIT_MEASURE_ABRV.80965";""
"901000000000000007";"UNIT_MEASURE.CODE_UNIT_MEASURE.80966";"1015";"µkatal";"Y";"Y";"UNIT_MEASURE.CODE_UNIT_MEASURE_ABRV.80966";""
"901000000000000008";"UNIT_MEASURE.CODE_UNIT_MEASURE.80967";"1015";"µl";"Y";"Y";"UNIT_MEASURE.CODE_UNIT_MEASURE_ABRV.80967";""
"901000000000000627";"UNIT_MEASURE.CODE_UNIT_MEASURE.80968";"1015";"µl/ml";"Y";"Y";"UNIT_MEASURE.CODE_UNIT_MEASURE_ABRV.80968";""
"901000000000000009";"UNIT_MEASURE.CODE_UNIT_MEASURE.80969";"1015";"µmol";"Y";"Y";"UNIT_MEASURE.CODE_UNIT_MEASURE_ABRV.80969";""
"901000000000000701";"UNIT_MEASURE.CODE_UNIT_MEASURE.80970";"1015";"µmol/litre";"Y";"Y";"UNIT_MEASURE.CODE_UNIT_MEASURE_ABRV.80970";""
"901000000000000011";"UNIT_MEASURE.CODE_UNIT_MEASURE.80971";"1015";"12 h";"Y";"Y";"UNIT_MEASURE.CODE_UNIT_MEASURE_ABRV.80971";""
"901000000000000014";"UNIT_MEASURE.CODE_UNIT_MEASURE.80972";"1015";"24 h";"Y";"Y";"UNIT_MEASURE.CODE_UNIT_MEASURE_ABRV.80972";""
"901000000000000015";"UNIT_MEASURE.CODE_UNIT_MEASURE.80973";"1015";"3 h";"Y";"Y";"UNIT_MEASURE.CODE_UNIT_MEASURE_ABRV.80973";""
"901000000000000021";"UNIT_MEASURE.CODE_UNIT_MEASURE.80974";"1015";"administration(s) unique(s)";"Y";"Y";"UNIT_MEASURE.CODE_UNIT_MEASURE_ABRV.80974";""
"901000000001000127";"UNIT_MEASURE.CODE_UNIT_MEASURE.80975";"1015";"aérosol(s)";"Y";"Y";"UNIT_MEASURE.CODE_UNIT_MEASURE_ABRV.80975";""
"901000000000000358";"UNIT_MEASURE.CODE_UNIT_MEASURE.80976";"1015";"ampoule(s)-bouteille";"Y";"Y";"UNIT_MEASURE.CODE_UNIT_MEASURE_ABRV.80976";""
"901000000000000359";"UNIT_MEASURE.CODE_UNIT_MEASURE.80977";"1015";"ampoule(s)-compresse";"Y";"Y";"UNIT_MEASURE.CODE_UNIT_MEASURE_ABRV.80977";""
"901000000000000119";"UNIT_MEASURE.CODE_UNIT_MEASURE.80978";"1015";"ampoule(s)";"Y";"Y";"UNIT_MEASURE.CODE_UNIT_MEASURE_ABRV.80978";""
"901000000001000001";"UNIT_MEASURE.CODE_UNIT_MEASURE.80979";"1015";"ampoule(s)";"Y";"Y";"UNIT_MEASURE.CODE_UNIT_MEASURE_ABRV.80979";""
"901000000001000126";"UNIT_MEASURE.CODE_UNIT_MEASURE.80980";"1015";"ampoule(s) à 2 pointes";"Y";"Y";"UNIT_MEASURE.CODE_UNIT_MEASURE_ABRV.80980";""
"901000000001000182";"UNIT_MEASURE.CODE_UNIT_MEASURE.80981";"1015";"ampoule(s) à col large";"Y";"Y";"UNIT_MEASURE.CODE_UNIT_MEASURE_ABRV.80981";""
"901000000001000181";"UNIT_MEASURE.CODE_UNIT_MEASURE.80982";"1015";"ampoule(s) à pointes fines";"Y";"Y";"UNIT_MEASURE.CODE_UNIT_MEASURE_ABRV.80982";""
"901000000001000008";"UNIT_MEASURE.CODE_UNIT_MEASURE.80983";"1015";"ampoule(s)-bouteille(s)";"Y";"Y";"UNIT_MEASURE.CODE_UNIT_MEASURE_ABRV.80983";""
"901000000001000003";"UNIT_MEASURE.CODE_UNIT_MEASURE.80984";"1015";"ampoule(s) de lyophilisat";"Y";"Y";"UNIT_MEASURE.CODE_UNIT_MEASURE_ABRV.80984";""
"901000000001000004";"UNIT_MEASURE.CODE_UNIT_MEASURE.80985";"1015";"ampoule(s) de poudre";"Y";"Y";"UNIT_MEASURE.CODE_UNIT_MEASURE_ABRV.80985";""
"901000000001000006";"UNIT_MEASURE.CODE_UNIT_MEASURE.80986";"1015";"ampoule(s) de solvant";"Y";"Y";"UNIT_MEASURE.CODE_UNIT_MEASURE_ABRV.80986";""
"901000000000000688";"UNIT_MEASURE.CODE_UNIT_MEASURE.80987";"1015";"ampoule(s) de poudre";"Y";"Y";"UNIT_MEASURE.CODE_UNIT_MEASURE_ABRV.80987";""
"901000000001000009";"UNIT_MEASURE.CODE_UNIT_MEASURE.80988";"1015";"ampoule(s)-seringue(s)";"Y";"Y";"UNIT_MEASURE.CODE_UNIT_MEASURE_ABRV.80988";""
"901000000000000689";"UNIT_MEASURE.CODE_UNIT_MEASURE.80989";"1015";"ampoule(s) de solvant";"Y";"Y";"UNIT_MEASURE.CODE_UNIT_MEASURE_ABRV.80989";""
"901000000000000360";"UNIT_MEASURE.CODE_UNIT_MEASURE.80990";"1015";"ampoule(s)-seringue";"Y";"Y";"UNIT_MEASURE.CODE_UNIT_MEASURE_ABRV.80990";""
"901000000000000022";"UNIT_MEASURE.CODE_UNIT_MEASURE.80991";"1015";"année(s)";"Y";"Y";"UNIT_MEASURE.CODE_UNIT_MEASURE_ABRV.80991";""
"901000000000000671";"UNIT_MEASURE.CODE_UNIT_MEASURE.80992";"1015";"anneau(x) vaginal(aux)";"Y";"Y";"UNIT_MEASURE.CODE_UNIT_MEASURE_ABRV.80992";""
"901000000001000010";"UNIT_MEASURE.CODE_UNIT_MEASURE.80993";"1015";"applicateur(s)";"Y";"Y";"UNIT_MEASURE.CODE_UNIT_MEASURE_ABRV.80993";""
"901000000000000120";"UNIT_MEASURE.CODE_UNIT_MEASURE.80994";"1015";"application(s)";"Y";"Y";"UNIT_MEASURE.CODE_UNIT_MEASURE_ABRV.80994";""
"901000000001000128";"UNIT_MEASURE.CODE_UNIT_MEASURE.80995";"1015";"atomiseur(s)";"Y";"Y";"UNIT_MEASURE.CODE_UNIT_MEASURE_ABRV.80995";""
"901000000000000364";"UNIT_MEASURE.CODE_UNIT_MEASURE.80996";"1015";"bain(s) de bouche";"Y";"Y";"UNIT_MEASURE.CODE_UNIT_MEASURE_ABRV.80996";""
"901000000000000365";"UNIT_MEASURE.CODE_UNIT_MEASURE.80997";"1015";"bande(s)";"Y";"Y";"UNIT_MEASURE.CODE_UNIT_MEASURE_ABRV.80997";""
"901000000001000129";"UNIT_MEASURE.CODE_UNIT_MEASURE.80998";"1015";"barquette(s)";"Y";"Y";"UNIT_MEASURE.CODE_UNIT_MEASURE_ABRV.80998";""
"901000000000000619";"UNIT_MEASURE.CODE_UNIT_MEASURE.80999";"1015";"barre(s)";"Y";"Y";"UNIT_MEASURE.CODE_UNIT_MEASURE_ABRV.80999";""
"901000000001000109";"UNIT_MEASURE.CODE_UNIT_MEASURE.81000";"1015";"barrette(s)";"Y";"Y";"UNIT_MEASURE.CODE_UNIT_MEASURE_ABRV.81000";""
"901000000000000367";"UNIT_MEASURE.CODE_UNIT_MEASURE.81001";"1015";"bâton(s)";"Y";"Y";"UNIT_MEASURE.CODE_UNIT_MEASURE_ABRV.81001";""
"901000000001000014";"UNIT_MEASURE.CODE_UNIT_MEASURE.81002";"1015";"bâton(s)";"Y";"Y";"UNIT_MEASURE.CODE_UNIT_MEASURE_ABRV.81002";""
"901000000001000015";"UNIT_MEASURE.CODE_UNIT_MEASURE.81003";"1015";"bâton(s) à lèvres";"Y";"Y";"UNIT_MEASURE.CODE_UNIT_MEASURE_ABRV.81003";""
"901000000001000016";"UNIT_MEASURE.CODE_UNIT_MEASURE.81004";"1015";"bâton(s) pour inhalation";"Y";"Y";"UNIT_MEASURE.CODE_UNIT_MEASURE_ABRV.81004";""
"901000000001000176";"UNIT_MEASURE.CODE_UNIT_MEASURE.81005";"1015";"berlingot(s)";"Y";"Y";"UNIT_MEASURE.CODE_UNIT_MEASURE_ABRV.81005";""
"901000000001000017";"UNIT_MEASURE.CODE_UNIT_MEASURE.81006";"1015";"bidon(s)";"Y";"Y";"UNIT_MEASURE.CODE_UNIT_MEASURE_ABRV.81006";""
"901000000001000111";"UNIT_MEASURE.CODE_UNIT_MEASURE.81007";"1015";"blister(s)";"Y";"Y";"UNIT_MEASURE.CODE_UNIT_MEASURE_ABRV.81007";""
"901000000001000196";"UNIT_MEASURE.CODE_UNIT_MEASURE.81008";"1015";"blister(s) double(s)";"Y";"Y";"UNIT_MEASURE.CODE_UNIT_MEASURE_ABRV.81008";""
"901000000001000130";"UNIT_MEASURE.CODE_UNIT_MEASURE.81009";"1015";"blister(s) prédécoupé(s)";"Y";"Y";"UNIT_MEASURE.CODE_UNIT_MEASURE_ABRV.81009";""
"901000000001000195";"UNIT_MEASURE.CODE_UNIT_MEASURE.81010";"1015";"blister(s) rigide(s) double(s)";"Y";"Y";"UNIT_MEASURE.CODE_UNIT_MEASURE_ABRV.81010";""
"901000000001000131";"UNIT_MEASURE.CODE_UNIT_MEASURE.81011";"1015";"bocal (aux)";"Y";"Y";"UNIT_MEASURE.CODE_UNIT_MEASURE_ABRV.81011";""
"901000000000000711";"UNIT_MEASURE.CODE_UNIT_MEASURE.81012";"1015";"boîte(s)";"Y";"Y";"UNIT_MEASURE.CODE_UNIT_MEASURE_ABRV.81012";""
"901000000001000020";"UNIT_MEASURE.CODE_UNIT_MEASURE.81013";"1015";"boîte(s) poudreuse(s)";"Y";"Y";"UNIT_MEASURE.CODE_UNIT_MEASURE_ABRV.81013";""
"901000000001000132";"UNIT_MEASURE.CODE_UNIT_MEASURE.81014";"1015";"boîtier(s)";"Y";"Y";"UNIT_MEASURE.CODE_UNIT_MEASURE_ABRV.81014";""
"901000000001000133";"UNIT_MEASURE.CODE_UNIT_MEASURE.81015";"1015";"bol(s)";"Y";"Y";"UNIT_MEASURE.CODE_UNIT_MEASURE_ABRV.81015";""
"901000000001000134";"UNIT_MEASURE.CODE_UNIT_MEASURE.81016";"1015";"bombe(s)";"Y";"Y";"UNIT_MEASURE.CODE_UNIT_MEASURE_ABRV.81016";""
"901000000001000022";"UNIT_MEASURE.CODE_UNIT_MEASURE.81017";"1015";"bouchon(s)";"Y";"Y";"UNIT_MEASURE.CODE_UNIT_MEASURE_ABRV.81017";""
"901000000000000121";"UNIT_MEASURE.CODE_UNIT_MEASURE.81018";"1015";"bouffée(s)";"Y";"Y";"UNIT_MEASURE.CODE_UNIT_MEASURE_ABRV.81018";""
"901000000001000023";"UNIT_MEASURE.CODE_UNIT_MEASURE.81019";"1015";"bouteille(s)";"Y";"Y";"UNIT_MEASURE.CODE_UNIT_MEASURE_ABRV.81019";""
"901000000000000705";"UNIT_MEASURE.CODE_UNIT_MEASURE.81020";"1015";"Bq";"Y";"Y";"UNIT_MEASURE.CODE_UNIT_MEASURE_ABRV.81020";""
"901000000001000135";"UNIT_MEASURE.CODE_UNIT_MEASURE.81021";"1015";"brique(s)";"Y";"Y";"UNIT_MEASURE.CODE_UNIT_MEASURE_ABRV.81021";""
"901000000000000376";"UNIT_MEASURE.CODE_UNIT_MEASURE.81022";"1015";"brossage(s)";"Y";"Y";"UNIT_MEASURE.CODE_UNIT_MEASURE_ABRV.81022";""
"901000000001000136";"UNIT_MEASURE.CODE_UNIT_MEASURE.81023";"1015";"brosse(s)";"Y";"Y";"UNIT_MEASURE.CODE_UNIT_MEASURE_ABRV.81023";""
"901000000001000137";"UNIT_MEASURE.CODE_UNIT_MEASURE.81024";"1015";"brumisateur(s)";"Y";"Y";"UNIT_MEASURE.CODE_UNIT_MEASURE_ABRV.81024";""
"901000000000000122";"UNIT_MEASURE.CODE_UNIT_MEASURE.81025";"1015";"cachet(s)";"Y";"Y";"UNIT_MEASURE.CODE_UNIT_MEASURE_ABRV.81025";""
"901000000001000138";"UNIT_MEASURE.CODE_UNIT_MEASURE.81026";"1015";"caisse(s)";"Y";"Y";"UNIT_MEASURE.CODE_UNIT_MEASURE_ABRV.81026";""
"901000000000000024";"UNIT_MEASURE.CODE_UNIT_MEASURE.81027";"1015";"calorie(s)";"Y";"Y";"UNIT_MEASURE.CODE_UNIT_MEASURE_ABRV.81027";""
"901000000000000389";"UNIT_MEASURE.CODE_UNIT_MEASURE.81028";"1015";"cape(s)";"Y";"Y";"UNIT_MEASURE.CODE_UNIT_MEASURE_ABRV.81028";""
"901000000000000390";"UNIT_MEASURE.CODE_UNIT_MEASURE.81029";"1015";"cape(s) vaginale(s)";"Y";"Y";"UNIT_MEASURE.CODE_UNIT_MEASURE_ABRV.81029";""
"901000000000000393";"UNIT_MEASURE.CODE_UNIT_MEASURE.81030";"1015";"capsule(s) orale(s) et vaginale(s)";"Y";"Y";"UNIT_MEASURE.CODE_UNIT_MEASURE_ABRV.81030";""
"901000000000000123";"UNIT_MEASURE.CODE_UNIT_MEASURE.81031";"1015";"capsule(s)";"Y";"Y";"UNIT_MEASURE.CODE_UNIT_MEASURE_ABRV.81031";""
"901000000001000139";"UNIT_MEASURE.CODE_UNIT_MEASURE.81032";"1015";"capsule(s)";"Y";"Y";"UNIT_MEASURE.CODE_UNIT_MEASURE_ABRV.81032";""
"901000000000000395";"UNIT_MEASURE.CODE_UNIT_MEASURE.81033";"1015";"capsule(s) vaginale(s)";"Y";"Y";"UNIT_MEASURE.CODE_UNIT_MEASURE_ABRV.81033";""
"901000000001000140";"UNIT_MEASURE.CODE_UNIT_MEASURE.81034";"1015";"carton(s)";"Y";"Y";"UNIT_MEASURE.CODE_UNIT_MEASURE_ABRV.81034";""
"901000000001000024";"UNIT_MEASURE.CODE_UNIT_MEASURE.81035";"1015";"cartouche(s)";"Y";"Y";"UNIT_MEASURE.CODE_UNIT_MEASURE_ABRV.81035";""
"901000000001000025";"UNIT_MEASURE.CODE_UNIT_MEASURE.81036";"1015";"cartouche(s) bicompartimentée(s)";"Y";"Y";"UNIT_MEASURE.CODE_UNIT_MEASURE_ABRV.81036";""
"901000000001000178";"UNIT_MEASURE.CODE_UNIT_MEASURE.81037";"1015";"cartouche(s) en stylo(s) prérempli(s)";"Y";"Y";"UNIT_MEASURE.CODE_UNIT_MEASURE_ABRV.81037";""
"901000000000000397";"UNIT_MEASURE.CODE_UNIT_MEASURE.81038";"1015";"cartuject(s)";"Y";"Y";"UNIT_MEASURE.CODE_UNIT_MEASURE_ABRV.81038";""
"901000000001000141";"UNIT_MEASURE.CODE_UNIT_MEASURE.81039";"1015";"cassolette(s)";"Y";"Y";"UNIT_MEASURE.CODE_UNIT_MEASURE_ABRV.81039";""
"901000000000000669";"UNIT_MEASURE.CODE_UNIT_MEASURE.81040";"1015";"cataplasme(s)";"Y";"Y";"UNIT_MEASURE.CODE_UNIT_MEASURE_ABRV.81040";""
"901000000000000714";"UNIT_MEASURE.CODE_UNIT_MEASURE.81041";"1015";"ce jour";"Y";"Y";"UNIT_MEASURE.CODE_UNIT_MEASURE_ABRV.81041";""
"901000000000000124";"UNIT_MEASURE.CODE_UNIT_MEASURE.81042";"1015";"cl";"Y";"Y";"UNIT_MEASURE.CODE_UNIT_MEASURE_ABRV.81042";""
"901000000000000399";"UNIT_MEASURE.CODE_UNIT_MEASURE.81043";"1015";"champ(s)";"Y";"Y";"UNIT_MEASURE.CODE_UNIT_MEASURE_ABRV.81043";""
"901000000000000126";"UNIT_MEASURE.CODE_UNIT_MEASURE.81044";"1015";"cigarette(s)";"Y";"Y";"UNIT_MEASURE.CODE_UNIT_MEASURE_ABRV.81044";""
"901000000000000382";"UNIT_MEASURE.CODE_UNIT_MEASURE.81045";"1015";"cuillère(s)-mesure de 1,25 ml";"Y";"Y";"UNIT_MEASURE.CODE_UNIT_MEASURE_ABRV.81045";""
"901000000000000665";"UNIT_MEASURE.CODE_UNIT_MEASURE.81046";"1015";"cuillère(s)-mesure de 10 ml";"Y";"Y";"UNIT_MEASURE.CODE_UNIT_MEASURE_ABRV.81046";""
"901000000000000660";"UNIT_MEASURE.CODE_UNIT_MEASURE.81047";"1015";"cuillère(s)-mesure de 15 ml";"Y";"Y";"UNIT_MEASURE.CODE_UNIT_MEASURE_ABRV.81047";""
"901000000000000690";"UNIT_MEASURE.CODE_UNIT_MEASURE.81048";"1015";"cuillère(s)-mesure de 1 g";"Y";"Y";"UNIT_MEASURE.CODE_UNIT_MEASURE_ABRV.81048";""
"901000000000000384";"UNIT_MEASURE.CODE_UNIT_MEASURE.81049";"1015";"cuillère(s)-mesure de 2,5 ml";"Y";"Y";"UNIT_MEASURE.CODE_UNIT_MEASURE_ABRV.81049";""
"901000000000000385";"UNIT_MEASURE.CODE_UNIT_MEASURE.81050";"1015";"cuillère(s)-mesure de 5 g";"Y";"Y";"UNIT_MEASURE.CODE_UNIT_MEASURE_ABRV.81050";""
"901000000000000386";"UNIT_MEASURE.CODE_UNIT_MEASURE.81051";"1015";"cuillère(s)-mesure de 5 ml";"Y";"Y";"UNIT_MEASURE.CODE_UNIT_MEASURE_ABRV.81051";""
"901000000000000387";"UNIT_MEASURE.CODE_UNIT_MEASURE.81052";"1015";"cuillère(s)-mesure de 7,5 ml";"Y";"Y";"UNIT_MEASURE.CODE_UNIT_MEASURE_ABRV.81052";""
"901000000000000025";"UNIT_MEASURE.CODE_UNIT_MEASURE.81053";"1015";"cm²";"Y";"Y";"UNIT_MEASURE.CODE_UNIT_MEASURE_ABRV.81053";""
"901000000001000142";"UNIT_MEASURE.CODE_UNIT_MEASURE.81054";"1015";"coffret(s)";"Y";"Y";"UNIT_MEASURE.CODE_UNIT_MEASURE_ABRV.81054";""
"901000000000000127";"UNIT_MEASURE.CODE_UNIT_MEASURE.81055";"1015";"compartiment(s)";"Y";"Y";"UNIT_MEASURE.CODE_UNIT_MEASURE_ABRV.81055";""
"901000000001000143";"UNIT_MEASURE.CODE_UNIT_MEASURE.81056";"1015";"compartiment(s)";"Y";"Y";"UNIT_MEASURE.CODE_UNIT_MEASURE_ABRV.81056";""
"901000000000000128";"UNIT_MEASURE.CODE_UNIT_MEASURE.81057";"1015";"compresse(s)";"Y";"Y";"UNIT_MEASURE.CODE_UNIT_MEASURE_ABRV.81057";""
"901000000000000129";"UNIT_MEASURE.CODE_UNIT_MEASURE.81058";"1015";"comprimé(s)";"Y";"Y";"UNIT_MEASURE.CODE_UNIT_MEASURE_ABRV.81058";""
"901000000000000183";"UNIT_MEASURE.CODE_UNIT_MEASURE.81059";"1015";"comprimé(s) effervescent(s)";"Y";"Y";"UNIT_MEASURE.CODE_UNIT_MEASURE_ABRV.81059";""
"901000000000000691";"UNIT_MEASURE.CODE_UNIT_MEASURE.81060";"1015";"conditionnement(s) du solvant";"Y";"Y";"UNIT_MEASURE.CODE_UNIT_MEASURE_ABRV.81060";""
"901000000000000405";"UNIT_MEASURE.CODE_UNIT_MEASURE.81061";"1015";"cône(s)";"Y";"Y";"UNIT_MEASURE.CODE_UNIT_MEASURE_ABRV.81061";""
"901000000001000194";"UNIT_MEASURE.CODE_UNIT_MEASURE.81062";"1015";"coque(s) double(s)";"Y";"Y";"UNIT_MEASURE.CODE_UNIT_MEASURE_ABRV.81062";""
"901000000001000144";"UNIT_MEASURE.CODE_UNIT_MEASURE.81063";"1015";"coupelle(s)-repas";"Y";"Y";"UNIT_MEASURE.CODE_UNIT_MEASURE_ABRV.81063";""
"901000000000000408";"UNIT_MEASURE.CODE_UNIT_MEASURE.81064";"1015";"comprimé(s) à croquer";"Y";"Y";"UNIT_MEASURE.CODE_UNIT_MEASURE_ABRV.81064";""
"901000000000000412";"UNIT_MEASURE.CODE_UNIT_MEASURE.81065";"1015";"comprimé(s) à libération modifiée";"Y";"Y";"UNIT_MEASURE.CODE_UNIT_MEASURE_ABRV.81065";""
"901000000000000413";"UNIT_MEASURE.CODE_UNIT_MEASURE.81066";"1015";"comprimé(s) à mâcher";"Y";"Y";"UNIT_MEASURE.CODE_UNIT_MEASURE_ABRV.81066";""
"901000000000000414";"UNIT_MEASURE.CODE_UNIT_MEASURE.81067";"1015";"comprimé(s) à sucer";"Y";"Y";"UNIT_MEASURE.CODE_UNIT_MEASURE_ABRV.81067";""
"901000000000000415";"UNIT_MEASURE.CODE_UNIT_MEASURE.81068";"1015";"comprimé(s) buccaux";"Y";"Y";"UNIT_MEASURE.CODE_UNIT_MEASURE_ABRV.81068";""
"901000000000000418";"UNIT_MEASURE.CODE_UNIT_MEASURE.81069";"1015";"comprimé(s) gastrorésistant(s)";"Y";"Y";"UNIT_MEASURE.CODE_UNIT_MEASURE_ABRV.81069";""
"901000000000000712";"UNIT_MEASURE.CODE_UNIT_MEASURE.81070";"1015";"comprimé(s) gingival(aux)";"Y";"Y";"UNIT_MEASURE.CODE_UNIT_MEASURE_ABRV.81070";""
"901000000000000419";"UNIT_MEASURE.CODE_UNIT_MEASURE.81071";"1015";"comprimé(s) orodispersible(s)";"Y";"Y";"UNIT_MEASURE.CODE_UNIT_MEASURE_ABRV.81071";""
"901000000000000420";"UNIT_MEASURE.CODE_UNIT_MEASURE.81072";"1015";"comprimé(s) osmotique(s)";"Y";"Y";"UNIT_MEASURE.CODE_UNIT_MEASURE_ABRV.81072";""
"901000000000000425";"UNIT_MEASURE.CODE_UNIT_MEASURE.81073";"1015";"comprimé(s) pour suspension buvable";"Y";"Y";"UNIT_MEASURE.CODE_UNIT_MEASURE_ABRV.81073";""
"901000000000000426";"UNIT_MEASURE.CODE_UNIT_MEASURE.81074";"1015";"comprimé(s) sublingual(aux)";"Y";"Y";"UNIT_MEASURE.CODE_UNIT_MEASURE_ABRV.81074";""
"901000000000000427";"UNIT_MEASURE.CODE_UNIT_MEASURE.81075";"1015";"comprimé(s) vaginal(aux)";"Y";"Y";"UNIT_MEASURE.CODE_UNIT_MEASURE_ABRV.81075";""
"901000000000000027";"UNIT_MEASURE.CODE_UNIT_MEASURE.81076";"1015";"crise(s)";"Y";"Y";"UNIT_MEASURE.CODE_UNIT_MEASURE_ABRV.81076";""
"901000000000000131";"UNIT_MEASURE.CODE_UNIT_MEASURE.81077";"1015";"cuillère(s) à caf";"Y";"Y";"UNIT_MEASURE.CODE_UNIT_MEASURE_ABRV.81077";""
"901000000000000132";"UNIT_MEASURE.CODE_UNIT_MEASURE.81078";"1015";"cuillère(s) à dessert";"Y";"Y";"UNIT_MEASURE.CODE_UNIT_MEASURE_ABRV.81078";""
"901000000000000133";"UNIT_MEASURE.CODE_UNIT_MEASURE.81079";"1015";"cuillère(s) à soupe";"Y";"Y";"UNIT_MEASURE.CODE_UNIT_MEASURE_ABRV.81079";""
"901000000000000130";"UNIT_MEASURE.CODE_UNIT_MEASURE.81080";"1015";"cuillère(s)-mesure";"Y";"Y";"UNIT_MEASURE.CODE_UNIT_MEASURE_ABRV.81080";""
"901000000001000145";"UNIT_MEASURE.CODE_UNIT_MEASURE.81081";"1015";"dévidoir(s)";"Y";"Y";"UNIT_MEASURE.CODE_UNIT_MEASURE_ABRV.81081";""
"901000000000000029";"UNIT_MEASURE.CODE_UNIT_MEASURE.81082";"1015";"DICC 50 (dose(s) infectant 50% des cultures cellulaires)";"Y";"Y";"UNIT_MEASURE.CODE_UNIT_MEASURE_ABRV.81082";""
"901000000000000030";"UNIT_MEASURE.CODE_UNIT_MEASURE.81083";"1015";"DICT 50 (dose(s) infectant 50% des cultures tissulaires)";"Y";"Y";"UNIT_MEASURE.CODE_UNIT_MEASURE_ABRV.81083";""
"901000000001000146";"UNIT_MEASURE.CODE_UNIT_MEASURE.81084";"1015";"diffuseur(s)";"Y";"Y";"UNIT_MEASURE.CODE_UNIT_MEASURE_ABRV.81084";""
"901000000001000030";"UNIT_MEASURE.CODE_UNIT_MEASURE.81085";"1015";"dispensateur(s)";"Y";"Y";"UNIT_MEASURE.CODE_UNIT_MEASURE_ABRV.81085";""
"901000000000000430";"UNIT_MEASURE.CODE_UNIT_MEASURE.81086";"1015";"dispositif(s)";"Y";"Y";"UNIT_MEASURE.CODE_UNIT_MEASURE_ABRV.81086";""
"901000000000000566";"UNIT_MEASURE.CODE_UNIT_MEASURE.81087";"1015";"pot(s)";"Y";"Y";"UNIT_MEASURE.CODE_UNIT_MEASURE_ABRV.81087";""
"901000000001000074";"UNIT_MEASURE.CODE_UNIT_MEASURE.81088";"1015";"pot(s)";"Y";"Y";"UNIT_MEASURE.CODE_UNIT_MEASURE_ABRV.81088";""
"901000000001000165";"UNIT_MEASURE.CODE_UNIT_MEASURE.81089";"1015";"poudrier(s)";"Y";"Y";"UNIT_MEASURE.CODE_UNIT_MEASURE_ABRV.81089";""
"901000000000000657";"UNIT_MEASURE.CODE_UNIT_MEASURE.81090";"1015";"ppm de mole/mole";"Y";"Y";"UNIT_MEASURE.CODE_UNIT_MEASURE_ABRV.81090";""
"901000000000000165";"UNIT_MEASURE.CODE_UNIT_MEASURE.81091";"1015";"pression(s)";"Y";"Y";"UNIT_MEASURE.CODE_UNIT_MEASURE_ABRV.81091";""
"901000000000000074";"UNIT_MEASURE.CODE_UNIT_MEASURE.81092";"1015";"prise(s)";"Y";"Y";"UNIT_MEASURE.CODE_UNIT_MEASURE_ABRV.81092";""
"901000000000000075";"UNIT_MEASURE.CODE_UNIT_MEASURE.81093";"1015";"prise(s) unique(s)";"Y";"Y";"UNIT_MEASURE.CODE_UNIT_MEASURE_ABRV.81093";""
"901000000000000166";"UNIT_MEASURE.CODE_UNIT_MEASURE.81094";"1015";"pulvérisation(s)";"Y";"Y";"UNIT_MEASURE.CODE_UNIT_MEASURE_ABRV.81094";""
"901000000001000167";"UNIT_MEASURE.CODE_UNIT_MEASURE.81095";"1015";"recharge(s)";"Y";"Y";"UNIT_MEASURE.CODE_UNIT_MEASURE_ABRV.81095";""
"901000000001000189";"UNIT_MEASURE.CODE_UNIT_MEASURE.81096";"1015";"récipient(s) cryogénique(s) fixe(s)";"Y";"Y";"UNIT_MEASURE.CODE_UNIT_MEASURE_ABRV.81096";""
"901000000001000183";"UNIT_MEASURE.CODE_UNIT_MEASURE.81097";"1015";"récipient(s) cryogénique(s) mobile(s)";"Y";"Y";"UNIT_MEASURE.CODE_UNIT_MEASURE_ABRV.81097";""
"901000000000000574";"UNIT_MEASURE.CODE_UNIT_MEASURE.81098";"1015";"récipient(s) unidose";"Y";"Y";"UNIT_MEASURE.CODE_UNIT_MEASURE_ABRV.81098";""
"901000000000000032";"UNIT_MEASURE.CODE_UNIT_MEASURE.80779";"1015";"dose(s) de rappel (1/10e)";"Y";"Y";"UNIT_MEASURE.CODE_UNIT_MEASURE_ABRV.80779";""
"901000000000000136";"UNIT_MEASURE.CODE_UNIT_MEASURE.80780";"1015";"dose(s)-graduation";"Y";"Y";"UNIT_MEASURE.CODE_UNIT_MEASURE_ABRV.80780";""
"901000000000000137";"UNIT_MEASURE.CODE_UNIT_MEASURE.80781";"1015";"dose(s)-kg";"Y";"Y";"UNIT_MEASURE.CODE_UNIT_MEASURE_ABRV.80781";""
"901000000000000457";"UNIT_MEASURE.CODE_UNIT_MEASURE.80782";"1015";"doseur(s)";"Y";"Y";"UNIT_MEASURE.CODE_UNIT_MEASURE_ABRV.80782";""
"901000000001000147";"UNIT_MEASURE.CODE_UNIT_MEASURE.80783";"1015";"doseur(s)";"Y";"Y";"UNIT_MEASURE.CODE_UNIT_MEASURE_ABRV.80783";""
"901000000000000621";"UNIT_MEASURE.CODE_UNIT_MEASURE.80784";"1015";"dragée(s)";"Y";"Y";"UNIT_MEASURE.CODE_UNIT_MEASURE_ABRV.80784";""
"901000000000000670";"UNIT_MEASURE.CODE_UNIT_MEASURE.80785";"1015";"emplâtre(s)";"Y";"Y";"UNIT_MEASURE.CODE_UNIT_MEASURE_ABRV.80785";""
"901000000000000459";"UNIT_MEASURE.CODE_UNIT_MEASURE.80786";"1015";"éponge(s)";"Y";"Y";"UNIT_MEASURE.CODE_UNIT_MEASURE_ABRV.80786";""
"901000000001000033";"UNIT_MEASURE.CODE_UNIT_MEASURE.80787";"1015";"étui(s)";"Y";"Y";"UNIT_MEASURE.CODE_UNIT_MEASURE_ABRV.80787";""
"901000000001000034";"UNIT_MEASURE.CODE_UNIT_MEASURE.80788";"1015";"évaporateur(s) fixe(s)";"Y";"Y";"UNIT_MEASURE.CODE_UNIT_MEASURE_ABRV.80788";""
"901000000000000460";"UNIT_MEASURE.CODE_UNIT_MEASURE.80789";"1015";"film(s)";"Y";"Y";"UNIT_MEASURE.CODE_UNIT_MEASURE_ABRV.80789";""
"901000000001000036";"UNIT_MEASURE.CODE_UNIT_MEASURE.80790";"1015";"film(s)";"Y";"Y";"UNIT_MEASURE.CODE_UNIT_MEASURE_ABRV.80790";""
"901000000000000710";"UNIT_MEASURE.CODE_UNIT_MEASURE.80791";"1015";"film(s) orodispersible(s)";"Y";"Y";"UNIT_MEASURE.CODE_UNIT_MEASURE_ABRV.80791";""
"901000000001000037";"UNIT_MEASURE.CODE_UNIT_MEASURE.80792";"1015";"film(s) thermosoudé(s)";"Y";"Y";"UNIT_MEASURE.CODE_UNIT_MEASURE_ABRV.80792";""
"901000000001000114";"UNIT_MEASURE.CODE_UNIT_MEASURE.80793";"1015";"film(s) thermosoudé(s) prédécoupé(s)";"Y";"Y";"UNIT_MEASURE.CODE_UNIT_MEASURE_ABRV.80793";""
"901000000001000149";"UNIT_MEASURE.CODE_UNIT_MEASURE.80794";"1015";"fiole(s)";"Y";"Y";"UNIT_MEASURE.CODE_UNIT_MEASURE_ABRV.80794";""
"901000000000000138";"UNIT_MEASURE.CODE_UNIT_MEASURE.80795";"1015";"flacon(s)";"Y";"Y";"UNIT_MEASURE.CODE_UNIT_MEASURE_ABRV.80795";""
"901000000001000038";"UNIT_MEASURE.CODE_UNIT_MEASURE.80796";"1015";"flacon(s)";"Y";"Y";"UNIT_MEASURE.CODE_UNIT_MEASURE_ABRV.80796";""
"901000000001000191";"UNIT_MEASURE.CODE_UNIT_MEASURE.80797";"1015";"flacon(s) airless";"Y";"Y";"UNIT_MEASURE.CODE_UNIT_MEASURE_ABRV.80797";""
"901000000001000039";"UNIT_MEASURE.CODE_UNIT_MEASURE.80798";"1015";"flacon(s) applicateur(s)";"Y";"Y";"UNIT_MEASURE.CODE_UNIT_MEASURE_ABRV.80798";""
"901000000001000150";"UNIT_MEASURE.CODE_UNIT_MEASURE.80799";"1015";"flacon(s) burette";"Y";"Y";"UNIT_MEASURE.CODE_UNIT_MEASURE_ABRV.80799";""
"901000000001000041";"UNIT_MEASURE.CODE_UNIT_MEASURE.80800";"1015";"flacon(s) compte-gouttes";"Y";"Y";"UNIT_MEASURE.CODE_UNIT_MEASURE_ABRV.80800";""
"901000000001000117";"UNIT_MEASURE.CODE_UNIT_MEASURE.80801";"1015";"flacon(s) de liposome(s)";"Y";"Y";"UNIT_MEASURE.CODE_UNIT_MEASURE_ABRV.80801";""
"901000000001000044";"UNIT_MEASURE.CODE_UNIT_MEASURE.80802";"1015";"flacon(s) de poudre";"Y";"Y";"UNIT_MEASURE.CODE_UNIT_MEASURE_ABRV.80802";""
"901000000001000045";"UNIT_MEASURE.CODE_UNIT_MEASURE.80803";"1015";"flacon(s) de solution";"Y";"Y";"UNIT_MEASURE.CODE_UNIT_MEASURE_ABRV.80803";""
"901000000001000118";"UNIT_MEASURE.CODE_UNIT_MEASURE.80804";"1015";"flacon(s) de solution tampon";"Y";"Y";"UNIT_MEASURE.CODE_UNIT_MEASURE_ABRV.80804";""
"901000000001000046";"UNIT_MEASURE.CODE_UNIT_MEASURE.80805";"1015";"flacon(s) de solvant";"Y";"Y";"UNIT_MEASURE.CODE_UNIT_MEASURE_ABRV.80805";""
"901000000001000047";"UNIT_MEASURE.CODE_UNIT_MEASURE.80806";"1015";"flacon(s) doseur(s)";"Y";"Y";"UNIT_MEASURE.CODE_UNIT_MEASURE_ABRV.80806";""
"901000000000000695";"UNIT_MEASURE.CODE_UNIT_MEASURE.80807";"1015";"flacon(s) de lyophilisat";"Y";"Y";"UNIT_MEASURE.CODE_UNIT_MEASURE_ABRV.80807";""
"901000000001000048";"UNIT_MEASURE.CODE_UNIT_MEASURE.80808";"1015";"flacon(s) multidoses";"Y";"Y";"UNIT_MEASURE.CODE_UNIT_MEASURE_ABRV.80808";""
"901000000001000049";"UNIT_MEASURE.CODE_UNIT_MEASURE.80809";"1015";"flacon(s) nébulisateur(s)";"Y";"Y";"UNIT_MEASURE.CODE_UNIT_MEASURE_ABRV.80809";""
"901000000001000151";"UNIT_MEASURE.CODE_UNIT_MEASURE.80810";"1015";"flacon(s) pompe";"Y";"Y";"UNIT_MEASURE.CODE_UNIT_MEASURE_ABRV.80810";""
"901000000001000040";"UNIT_MEASURE.CODE_UNIT_MEASURE.80811";"1015";"flacon(s) pompe-doseuse";"Y";"Y";"UNIT_MEASURE.CODE_UNIT_MEASURE_ABRV.80811";""
"901000000000000696";"UNIT_MEASURE.CODE_UNIT_MEASURE.80812";"1015";"flacon(s) de poudre";"Y";"Y";"UNIT_MEASURE.CODE_UNIT_MEASURE_ABRV.80812";""
"901000000001000052";"UNIT_MEASURE.CODE_UNIT_MEASURE.80813";"1015";"flacon(s) poudreur(s)";"Y";"Y";"UNIT_MEASURE.CODE_UNIT_MEASURE_ABRV.80813";""
"901000000001000053";"UNIT_MEASURE.CODE_UNIT_MEASURE.80814";"1015";"flacon(s) pressurisé(s)";"Y";"Y";"UNIT_MEASURE.CODE_UNIT_MEASURE_ABRV.80814";""
"901000000001000054";"UNIT_MEASURE.CODE_UNIT_MEASURE.80815";"1015";"flacon(s) pulvérisateur(s)";"Y";"Y";"UNIT_MEASURE.CODE_UNIT_MEASURE_ABRV.80815";""
"901000000001000056";"UNIT_MEASURE.CODE_UNIT_MEASURE.80816";"1015";"flacon(s) unidose";"Y";"Y";"UNIT_MEASURE.CODE_UNIT_MEASURE_ABRV.80816";""
"901000000001000152";"UNIT_MEASURE.CODE_UNIT_MEASURE.80817";"1015";"flexibag(s)";"Y";"Y";"UNIT_MEASURE.CODE_UNIT_MEASURE_ABRV.80817";""
"901000000001000059";"UNIT_MEASURE.CODE_UNIT_MEASURE.80818";"1015";"fût(s)";"Y";"Y";"UNIT_MEASURE.CODE_UNIT_MEASURE_ABRV.80818";""
"901000000000000035";"UNIT_MEASURE.CODE_UNIT_MEASURE.80819";"1015";"g";"Y";"Y";"UNIT_MEASURE.CODE_UNIT_MEASURE_ABRV.80819";""
"901000000000000629";"UNIT_MEASURE.CODE_UNIT_MEASURE.80820";"1015";"g/g";"Y";"Y";"UNIT_MEASURE.CODE_UNIT_MEASURE_ABRV.80820";""
"901000000000000630";"UNIT_MEASURE.CODE_UNIT_MEASURE.80821";"1015";"g/litre";"Y";"Y";"UNIT_MEASURE.CODE_UNIT_MEASURE_ABRV.80821";""
"901000000000000631";"UNIT_MEASURE.CODE_UNIT_MEASURE.80822";"1015";"g/ml";"Y";"Y";"UNIT_MEASURE.CODE_UNIT_MEASURE_ABRV.80822";""
"901000000000000036";"UNIT_MEASURE.CODE_UNIT_MEASURE.80823";"1015";"g/m²";"Y";"Y";"UNIT_MEASURE.CODE_UNIT_MEASURE_ABRV.80823";""
"901000000000000662";"UNIT_MEASURE.CODE_UNIT_MEASURE.80824";"1015";"gargarisme(s)";"Y";"Y";"UNIT_MEASURE.CODE_UNIT_MEASURE_ABRV.80824";""
"901000000000000504";"UNIT_MEASURE.CODE_UNIT_MEASURE.80825";"1015";"gaze(s)";"Y";"Y";"UNIT_MEASURE.CODE_UNIT_MEASURE_ABRV.80825";""
"901000000000000037";"UNIT_MEASURE.CODE_UNIT_MEASURE.80826";"1015";"GBq";"Y";"Y";"UNIT_MEASURE.CODE_UNIT_MEASURE_ABRV.80826";""
"901000000000000687";"UNIT_MEASURE.CODE_UNIT_MEASURE.80827";"1015";"GBq/ml";"Y";"Y";"UNIT_MEASURE.CODE_UNIT_MEASURE_ABRV.80827";""
"901000000000000507";"UNIT_MEASURE.CODE_UNIT_MEASURE.80828";"1015";"gélule(s) pour inhalation";"Y";"Y";"UNIT_MEASURE.CODE_UNIT_MEASURE_ABRV.80828";""
"901000000000000139";"UNIT_MEASURE.CODE_UNIT_MEASURE.80829";"1015";"gélule(s)";"Y";"Y";"UNIT_MEASURE.CODE_UNIT_MEASURE_ABRV.80829";""
"901000000001000187";"UNIT_MEASURE.CODE_UNIT_MEASURE.80830";"1015";"générateur(s)";"Y";"Y";"UNIT_MEASURE.CODE_UNIT_MEASURE_ABRV.80830";""
"901000000000000038";"UNIT_MEASURE.CODE_UNIT_MEASURE.80831";"1015";"germe(s)";"Y";"Y";"UNIT_MEASURE.CODE_UNIT_MEASURE_ABRV.80831";""
"901000000000000080";"UNIT_MEASURE.CODE_UNIT_MEASURE.81151";"1015";"trait(s)";"Y";"Y";"UNIT_MEASURE.CODE_UNIT_MEASURE_ABRV.81151";""
"901000000000000175";"UNIT_MEASURE.CODE_UNIT_MEASURE.81152";"1015";"verre(s) à bordeaux";"Y";"Y";"UNIT_MEASURE.CODE_UNIT_MEASURE_ABRV.81152";""
"901000000000000176";"UNIT_MEASURE.CODE_UNIT_MEASURE.81153";"1015";"verre(s) à liqueur";"Y";"Y";"UNIT_MEASURE.CODE_UNIT_MEASURE_ABRV.81153";""
"901000000000000604";"UNIT_MEASURE.CODE_UNIT_MEASURE.81154";"1015";"verre(s) doseur(s)";"Y";"Y";"UNIT_MEASURE.CODE_UNIT_MEASURE_ABRV.81154";""
"901000000000000177";"UNIT_MEASURE.CODE_UNIT_MEASURE.81155";"1015";"verre(s) ordinaire(s)";"Y";"Y";"UNIT_MEASURE.CODE_UNIT_MEASURE_ABRV.81155";""
"901000000001000179";"UNIT_MEASURE.CODE_UNIT_MEASURE.81156";"1015";"seringue(s) préremplie(s) pour perfuseur électrique";"Y";"Y";"UNIT_MEASURE.CODE_UNIT_MEASURE_ABRV.81156";""
"901000000000000107";"UNIT_MEASURE.CODE_UNIT_MEASURE.81157";"1015";"UI de Biochimie";"Y";"Y";"UNIT_MEASURE.CODE_UNIT_MEASURE_ABRV.81157";""
"901000000000000135";"UNIT_MEASURE.CODE_UNIT_MEASURE.81158";"1015";"dose(s) vaccinante(s)";"Y";"Y";"UNIT_MEASURE.CODE_UNIT_MEASURE_ABRV.81158";""
"901000000000000162";"UNIT_MEASURE.CODE_UNIT_MEASURE.81159";"1015";"pièce(s)";"Y";"Y";"UNIT_MEASURE.CODE_UNIT_MEASURE_ABRV.81159";""
"901000000000000374";"UNIT_MEASURE.CODE_UNIT_MEASURE.81160";"1015";"boulette(s)";"Y";"Y";"UNIT_MEASURE.CODE_UNIT_MEASURE_ABRV.81160";""
"901000000000000394";"UNIT_MEASURE.CODE_UNIT_MEASURE.81161";"1015";"capsule(s) rectale(s)";"Y";"Y";"UNIT_MEASURE.CODE_UNIT_MEASURE_ABRV.81161";""
"901000000000000409";"UNIT_MEASURE.CODE_UNIT_MEASURE.81162";"1015";"comprimé(s) à croquer et à sucer";"Y";"Y";"UNIT_MEASURE.CODE_UNIT_MEASURE_ABRV.81162";""
"901000000000000416";"UNIT_MEASURE.CODE_UNIT_MEASURE.81163";"1015";"comprimé(s) dispersible(s)";"Y";"Y";"UNIT_MEASURE.CODE_UNIT_MEASURE_ABRV.81163";""
"901000000000000421";"UNIT_MEASURE.CODE_UNIT_MEASURE.81164";"1015";"comprimé(s) pour contactologie";"Y";"Y";"UNIT_MEASURE.CODE_UNIT_MEASURE_ABRV.81164";""
"901000000000000436";"UNIT_MEASURE.CODE_UNIT_MEASURE.81165";"1015";"dispositif(s) vaginal(aux) à libération prolongée";"Y";"Y";"UNIT_MEASURE.CODE_UNIT_MEASURE_ABRV.81165";""
"901000000000000461";"UNIT_MEASURE.CODE_UNIT_MEASURE.81166";"1015";"film(s) vaginal(aux)";"Y";"Y";"UNIT_MEASURE.CODE_UNIT_MEASURE_ABRV.81166";""
"901000000000000628";"UNIT_MEASURE.CODE_UNIT_MEASURE.81167";"1015";"bar(s)";"Y";"Y";"UNIT_MEASURE.CODE_UNIT_MEASURE_ABRV.81167";""
"901000000000000645";"UNIT_MEASURE.CODE_UNIT_MEASURE.81168";"1015";"M UI/ml";"Y";"Y";"UNIT_MEASURE.CODE_UNIT_MEASURE_ABRV.81168";""
"901000000000000573";"UNIT_MEASURE.CODE_UNIT_MEASURE.81169";"1015";"récipient(s)";"Y";"Y";"UNIT_MEASURE.CODE_UNIT_MEASURE_ABRV.81169";""
"901000000000000579";"UNIT_MEASURE.CODE_UNIT_MEASURE.81170";"1015";"sachet(s) de poudre + ampoule(s) de solution";"Y";"Y";"UNIT_MEASURE.CODE_UNIT_MEASURE_ABRV.81170";""
"901000000000000599";"UNIT_MEASURE.CODE_UNIT_MEASURE.81171";"1015";"unidose(s) de 0,2 ml";"Y";"Y";"UNIT_MEASURE.CODE_UNIT_MEASURE_ABRV.81171";""
"901000000000000650";"UNIT_MEASURE.CODE_UNIT_MEASURE.81172";"1015";"Unité(s) Centre d''Évaluation et d''Information de la Pharmacodépendance/ml";"Y";"Y";"UNIT_MEASURE.CODE_UNIT_MEASURE_ABRV.81172";""
"901000000000000676";"UNIT_MEASURE.CODE_UNIT_MEASURE.81173";"1015";"creuset(s)";"Y";"Y";"UNIT_MEASURE.CODE_UNIT_MEASURE_ABRV.81173";""
"901000000000000677";"UNIT_MEASURE.CODE_UNIT_MEASURE.81174";"1015";"Protein Nitrogen Unit(s)/ml";"Y";"Y";"UNIT_MEASURE.CODE_UNIT_MEASURE_ABRV.81174";""
"901000000000000686";"UNIT_MEASURE.CODE_UNIT_MEASURE.81175";"1015";"GBq/ml";"Y";"Y";"UNIT_MEASURE.CODE_UNIT_MEASURE_ABRV.81175";""
"901000000000000434";"UNIT_MEASURE.CODE_UNIT_MEASURE.81176";"1015";"dispositif(s) transdermique(s)";"Y";"Y";"UNIT_MEASURE.CODE_UNIT_MEASURE_ABRV.81176";""
"901000000000000449";"UNIT_MEASURE.CODE_UNIT_MEASURE.81177";"1015";"dose(s) de 5 ml";"Y";"Y";"UNIT_MEASURE.CODE_UNIT_MEASURE_ABRV.81177";""
"901000000001000035";"UNIT_MEASURE.CODE_UNIT_MEASURE.81178";"1015";"évaporateur(s) mobile(s)";"Y";"Y";"UNIT_MEASURE.CODE_UNIT_MEASURE_ABRV.81178";""
"901000000001000043";"UNIT_MEASURE.CODE_UNIT_MEASURE.81179";"1015";"flacon(s) de lyophilisat";"Y";"Y";"UNIT_MEASURE.CODE_UNIT_MEASURE_ABRV.81179";""
"901000000000000697";"UNIT_MEASURE.CODE_UNIT_MEASURE.81180";"1015";"flacon(s) de solvant";"Y";"Y";"UNIT_MEASURE.CODE_UNIT_MEASURE_ABRV.81180";""
"901000000000000142";"UNIT_MEASURE.CODE_UNIT_MEASURE.81181";"1015";"gomme(s)";"Y";"Y";"UNIT_MEASURE.CODE_UNIT_MEASURE_ABRV.81181";""
"901000000000000522";"UNIT_MEASURE.CODE_UNIT_MEASURE.81182";"1015";"implant(s)";"Y";"Y";"UNIT_MEASURE.CODE_UNIT_MEASURE_ABRV.81182";""
"901000000000000529";"UNIT_MEASURE.CODE_UNIT_MEASURE.81183";"1015";"irrigation(s)";"Y";"Y";"UNIT_MEASURE.CODE_UNIT_MEASURE_ABRV.81183";""
"901000000000000672";"UNIT_MEASURE.CODE_UNIT_MEASURE.81184";"1015";"kU";"Y";"Y";"UNIT_MEASURE.CODE_UNIT_MEASURE_ABRV.81184";""
"901000000000000152";"UNIT_MEASURE.CODE_UNIT_MEASURE.81185";"1015";"m3";"Y";"Y";"UNIT_MEASURE.CODE_UNIT_MEASURE_ABRV.81185";""
"901000000000000703";"UNIT_MEASURE.CODE_UNIT_MEASURE.81186";"1015";"mEq/litre";"Y";"Y";"UNIT_MEASURE.CODE_UNIT_MEASURE_ABRV.81186";""
"901000000000000638";"UNIT_MEASURE.CODE_UNIT_MEASURE.81187";"1015";"mg/goutte";"Y";"Y";"UNIT_MEASURE.CODE_UNIT_MEASURE_ABRV.81187";""
"901000000000000063";"UNIT_MEASURE.CODE_UNIT_MEASURE.81188";"1015";"milliosmole(s)";"Y";"Y";"UNIT_MEASURE.CODE_UNIT_MEASURE_ABRV.81188";""
"901000000000000151";"UNIT_MEASURE.CODE_UNIT_MEASURE.81189";"1015";"m²";"Y";"Y";"UNIT_MEASURE.CODE_UNIT_MEASURE_ABRV.81189";""
"901000000000000157";"UNIT_MEASURE.CODE_UNIT_MEASURE.81190";"1015";"ovule(s)";"Y";"Y";"UNIT_MEASURE.CODE_UNIT_MEASURE_ABRV.81190";""
"901000000000000722";"UNIT_MEASURE.CODE_UNIT_MEASURE.81191";"1015";"par an";"Y";"Y";"UNIT_MEASURE.CODE_UNIT_MEASURE_ABRV.81191";""
"901000000000000071";"UNIT_MEASURE.CODE_UNIT_MEASURE.81192";"1015";"partie(s)";"Y";"Y";"UNIT_MEASURE.CODE_UNIT_MEASURE_ABRV.81192";""
"901000000001000062";"UNIT_MEASURE.CODE_UNIT_MEASURE.81193";"1015";"pilulier(s)";"Y";"Y";"UNIT_MEASURE.CODE_UNIT_MEASURE_ABRV.81193";""
"901000000000000164";"UNIT_MEASURE.CODE_UNIT_MEASURE.81194";"1015";"poche(s)";"Y";"Y";"UNIT_MEASURE.CODE_UNIT_MEASURE_ABRV.81194";""
"901000000001000148";"UNIT_MEASURE.CODE_UNIT_MEASURE.81195";"1015";"poche(s) ecoflac";"Y";"Y";"UNIT_MEASURE.CODE_UNIT_MEASURE_ABRV.81195";""
"901000000000000001";"UNIT_MEASURE.CODE_UNIT_MEASURE.81196";"1015";"%";"Y";"Y";"UNIT_MEASURE.CODE_UNIT_MEASURE_ABRV.81196";""
"901000000000000625";"UNIT_MEASURE.CODE_UNIT_MEASURE.81197";"1015";"µg/g";"Y";"Y";"UNIT_MEASURE.CODE_UNIT_MEASURE_ABRV.81197";""
"901000000000000020";"UNIT_MEASURE.CODE_UNIT_MEASURE.81198";"1015";"administration(s)";"Y";"Y";"UNIT_MEASURE.CODE_UNIT_MEASURE_ABRV.81198";""
"901000000001000002";"UNIT_MEASURE.CODE_UNIT_MEASURE.81199";"1015";"ampoule(s) de diluant";"Y";"Y";"UNIT_MEASURE.CODE_UNIT_MEASURE_ABRV.81199";""
"901000000000000664";"UNIT_MEASURE.CODE_UNIT_MEASURE.81200";"1015";"bain(s) d''oreille";"Y";"Y";"UNIT_MEASURE.CODE_UNIT_MEASURE_ABRV.81200";""
"901000000000000368";"UNIT_MEASURE.CODE_UNIT_MEASURE.81201";"1015";"bidon(s)";"Y";"Y";"UNIT_MEASURE.CODE_UNIT_MEASURE_ABRV.81201";""
"901000000001000018";"UNIT_MEASURE.CODE_UNIT_MEASURE.81202";"1015";"boîte(s)";"Y";"Y";"UNIT_MEASURE.CODE_UNIT_MEASURE_ABRV.81202";""
"901000000000000375";"UNIT_MEASURE.CODE_UNIT_MEASURE.81203";"1015";"bouteille(s) de gaz";"Y";"Y";"UNIT_MEASURE.CODE_UNIT_MEASURE_ABRV.81203";""
"901000000000000396";"UNIT_MEASURE.CODE_UNIT_MEASURE.81204";"1015";"cartouche(s)";"Y";"Y";"UNIT_MEASURE.CODE_UNIT_MEASURE_ABRV.81204";""
"901000000000000125";"UNIT_MEASURE.CODE_UNIT_MEASURE.81205";"1015";"cm";"Y";"Y";"UNIT_MEASURE.CODE_UNIT_MEASURE_ABRV.81205";""
"901000000000000661";"UNIT_MEASURE.CODE_UNIT_MEASURE.81206";"1015";"cuillère(s)-mesure de 2 ml";"Y";"Y";"UNIT_MEASURE.CODE_UNIT_MEASURE_ABRV.81206";""
"901000000000000411";"UNIT_MEASURE.CODE_UNIT_MEASURE.81207";"1015";"comprimé(s) à double noyau gastrorésistant";"Y";"Y";"UNIT_MEASURE.CODE_UNIT_MEASURE_ABRV.81207";""
"901000000001000166";"UNIT_MEASURE.CODE_UNIT_MEASURE.81208";"1015";"pulvérisateur(s)";"Y";"Y";"UNIT_MEASURE.CODE_UNIT_MEASURE_ABRV.81208";""
"901000000000000577";"UNIT_MEASURE.CODE_UNIT_MEASURE.81209";"1015";"sachet(s) bicompartimenté(s)";"Y";"Y";"UNIT_MEASURE.CODE_UNIT_MEASURE_ABRV.81209";""
"901000000000000169";"UNIT_MEASURE.CODE_UNIT_MEASURE.81210";"1015";"seconde(s)";"Y";"Y";"UNIT_MEASURE.CODE_UNIT_MEASURE_ABRV.81210";""
"901000000001000091";"UNIT_MEASURE.CODE_UNIT_MEASURE.81211";"1015";"seringue(s) de solvant";"Y";"Y";"UNIT_MEASURE.CODE_UNIT_MEASURE_ABRV.81211";""
"901000000001000125";"UNIT_MEASURE.CODE_UNIT_MEASURE.81212";"1015";"stylo(s) prérempli(s)";"Y";"Y";"UNIT_MEASURE.CODE_UNIT_MEASURE_ABRV.81212";""
"901000000001000103";"UNIT_MEASURE.CODE_UNIT_MEASURE.81213";"1015";"tube(s) canule";"Y";"Y";"UNIT_MEASURE.CODE_UNIT_MEASURE_ABRV.81213";""
"901000000000000084";"UNIT_MEASURE.CODE_UNIT_MEASURE.81214";"1015";"Unité(s) antigéniques";"Y";"Y";"UNIT_MEASURE.CODE_UNIT_MEASURE_ABRV.81214";""
"901000000000000090";"UNIT_MEASURE.CODE_UNIT_MEASURE.81215";"1015";"Unité(s) HDB";"Y";"Y";"UNIT_MEASURE.CODE_UNIT_MEASURE_ABRV.81215";""
"901000000000000108";"UNIT_MEASURE.CODE_UNIT_MEASURE.81216";"1015";"Unité(s) d''Inactivation de Kallidocréine";"Y";"Y";"UNIT_MEASURE.CODE_UNIT_MEASURE_ABRV.81216";""
"901000000000000174";"UNIT_MEASURE.CODE_UNIT_MEASURE.81217";"1015";"Unité(s) Spécifique(s)";"Y";"Y";"UNIT_MEASURE.CODE_UNIT_MEASURE_ABRV.81217";""
"901000000000000658";"UNIT_MEASURE.CODE_UNIT_MEASURE.81218";"1015";"trash unit(s)";"Y";"Y";"UNIT_MEASURE.CODE_UNIT_MEASURE_ABRV.81218";""
"901000000000000595";"UNIT_MEASURE.CODE_UNIT_MEASURE.81219";"1015";"trempage(s)";"Y";"Y";"UNIT_MEASURE.CODE_UNIT_MEASURE_ABRV.81219";""
"901000000001000101";"UNIT_MEASURE.CODE_UNIT_MEASURE.81220";"1015";"trousse(s)";"Y";"Y";"UNIT_MEASURE.CODE_UNIT_MEASURE_ABRV.81220";""
"901000000000000081";"UNIT_MEASURE.CODE_UNIT_MEASURE.81221";"1015";"TRU";"Y";"Y";"UNIT_MEASURE.CODE_UNIT_MEASURE_ABRV.81221";""
"901000000000000596";"UNIT_MEASURE.CODE_UNIT_MEASURE.81222";"1015";"tube(s)";"Y";"Y";"UNIT_MEASURE.CODE_UNIT_MEASURE_ABRV.81222";""
"901000000001000102";"UNIT_MEASURE.CODE_UNIT_MEASURE.81223";"1015";"tube(s)";"Y";"Y";"UNIT_MEASURE.CODE_UNIT_MEASURE_ABRV.81223";""
"901000000001000192";"UNIT_MEASURE.CODE_UNIT_MEASURE.81224";"1015";"tube(s) airless";"Y";"Y";"UNIT_MEASURE.CODE_UNIT_MEASURE_ABRV.81224";""
"901000000000000597";"UNIT_MEASURE.CODE_UNIT_MEASURE.81225";"1015";"tube(s) canule(s)";"Y";"Y";"UNIT_MEASURE.CODE_UNIT_MEASURE_ABRV.81225";""
"901000000001000104";"UNIT_MEASURE.CODE_UNIT_MEASURE.81226";"1015";"tube(s) canule unidose";"Y";"Y";"UNIT_MEASURE.CODE_UNIT_MEASURE_ABRV.81226";""
"901000000000000082";"UNIT_MEASURE.CODE_UNIT_MEASURE.81227";"1015";"Unité(s)";"Y";"Y";"UNIT_MEASURE.CODE_UNIT_MEASURE_ABRV.81227";""
"901000000000000647";"UNIT_MEASURE.CODE_UNIT_MEASURE.81228";"1015";"U/g";"Y";"Y";"UNIT_MEASURE.CODE_UNIT_MEASURE_ABRV.81228";""
"901000000000000648";"UNIT_MEASURE.CODE_UNIT_MEASURE.81229";"1015";"U/ml";"Y";"Y";"UNIT_MEASURE.CODE_UNIT_MEASURE_ABRV.81229";""
"901000000000000096";"UNIT_MEASURE.CODE_UNIT_MEASURE.81230";"1015";"Urines Analysis";"Y";"Y";"UNIT_MEASURE.CODE_UNIT_MEASURE_ABRV.81230";""
"901000000000000097";"UNIT_MEASURE.CODE_UNIT_MEASURE.81231";"1015";"Unité(s) d''Activation Enzymatique";"Y";"Y";"UNIT_MEASURE.CODE_UNIT_MEASURE_ABRV.81231";""
"901000000000000098";"UNIT_MEASURE.CODE_UNIT_MEASURE.81232";"1015";"Unité(s) Anti-Héparine";"Y";"Y";"UNIT_MEASURE.CODE_UNIT_MEASURE_ABRV.81232";""
"901000000000000649";"UNIT_MEASURE.CODE_UNIT_MEASURE.81233";"1015";"Unité(s) Anti-Héparine/ml";"Y";"Y";"UNIT_MEASURE.CODE_UNIT_MEASURE_ABRV.81233";""
"901000000000000083";"UNIT_MEASURE.CODE_UNIT_MEASURE.81234";"1015";"Unité(s) Allergan";"Y";"Y";"UNIT_MEASURE.CODE_UNIT_MEASURE_ABRV.81234";""
"901000000000000099";"UNIT_MEASURE.CODE_UNIT_MEASURE.81235";"1015";"Unité(s) Anti-Thrombine";"Y";"Y";"UNIT_MEASURE.CODE_UNIT_MEASURE_ABRV.81235";""
"901000000000000682";"UNIT_MEASURE.CODE_UNIT_MEASURE.81236";"1015";"Unité(s) Anti-Thrombine/g";"Y";"Y";"UNIT_MEASURE.CODE_UNIT_MEASURE_ABRV.81236";""
"901000000000000100";"UNIT_MEASURE.CODE_UNIT_MEASURE.81237";"1015";"Unité(s) ATEE";"Y";"Y";"UNIT_MEASURE.CODE_UNIT_MEASURE_ABRV.81237";""
"901000000000000102";"UNIT_MEASURE.CODE_UNIT_MEASURE.81238";"1015";"Unité(s) Clin-Byla";"Y";"Y";"UNIT_MEASURE.CODE_UNIT_MEASURE_ABRV.81238";""
"901000000000000085";"UNIT_MEASURE.CODE_UNIT_MEASURE.81239";"1015";"Unité(s) Centre d''Évaluation et d''Information de la Pharmacodépendance";"Y";"Y";"UNIT_MEASURE.CODE_UNIT_MEASURE_ABRV.81239";""
"901000000000000086";"UNIT_MEASURE.CODE_UNIT_MEASURE.81240";"1015";"Unité(s) CHb";"Y";"Y";"UNIT_MEASURE.CODE_UNIT_MEASURE_ABRV.81240";""
"901000000000000103";"UNIT_MEASURE.CODE_UNIT_MEASURE.81241";"1015";"Unité(s) antigène D";"Y";"Y";"UNIT_MEASURE.CODE_UNIT_MEASURE_ABRV.81241";""
"901000000000000713";"UNIT_MEASURE.CODE_UNIT_MEASURE.81242";"1015";"U DL 50";"Y";"Y";"UNIT_MEASURE.CODE_UNIT_MEASURE_ABRV.81242";""
"901000000000000087";"UNIT_MEASURE.CODE_UNIT_MEASURE.81243";"1015";"Unité(s) Enzyme-Linked ImmunoSorbent Assay";"Y";"Y";"UNIT_MEASURE.CODE_UNIT_MEASURE_ABRV.81243";""
"901000000000000088";"UNIT_MEASURE.CODE_UNIT_MEASURE.81244";"1015";"Unité(s) Fédération Internationale Pharmaceutique";"Y";"Y";"UNIT_MEASURE.CODE_UNIT_MEASURE_ABRV.81244";""
"901000000000000104";"UNIT_MEASURE.CODE_UNIT_MEASURE.81245";"1015";"Unité(s) Formant Plages";"Y";"Y";"UNIT_MEASURE.CODE_UNIT_MEASURE_ABRV.81245";""
"901000000000000089";"UNIT_MEASURE.CODE_UNIT_MEASURE.81246";"1015";"Unité(s) Hartsell";"Y";"Y";"UNIT_MEASURE.CODE_UNIT_MEASURE_ABRV.81246";""
"901000000000000105";"UNIT_MEASURE.CODE_UNIT_MEASURE.81247";"1015";"UI";"Y";"Y";"UNIT_MEASURE.CODE_UNIT_MEASURE_ABRV.81247";""
"901000000000000685";"UNIT_MEASURE.CODE_UNIT_MEASURE.81248";"1015";"UI/cm²";"Y";"Y";"UNIT_MEASURE.CODE_UNIT_MEASURE_ABRV.81248";""
"901000000000000651";"UNIT_MEASURE.CODE_UNIT_MEASURE.81249";"1015";"UI/g";"Y";"Y";"UNIT_MEASURE.CODE_UNIT_MEASURE_ABRV.81249";""
"901000000000000652";"UNIT_MEASURE.CODE_UNIT_MEASURE.81250";"1015";"UI/goutte";"Y";"Y";"UNIT_MEASURE.CODE_UNIT_MEASURE_ABRV.81250";""
"901000000000000653";"UNIT_MEASURE.CODE_UNIT_MEASURE.81251";"1015";"UI/ml";"Y";"Y";"UNIT_MEASURE.CODE_UNIT_MEASURE_ABRV.81251";""
"901000000000000106";"UNIT_MEASURE.CODE_UNIT_MEASURE.81252";"1015";"UI Anti-Xa";"Y";"Y";"UNIT_MEASURE.CODE_UNIT_MEASURE_ABRV.81252";""
"901000000000000702";"UNIT_MEASURE.CODE_UNIT_MEASURE.81253";"1015";"UI Anti-Xa/ml";"Y";"Y";"UNIT_MEASURE.CODE_UNIT_MEASURE_ABRV.81253";""
"901000000000000655";"UNIT_MEASURE.CODE_UNIT_MEASURE.81254";"1015";"Unité(s) d''Inactivation de Kallidocréine/ml";"Y";"Y";"UNIT_MEASURE.CODE_UNIT_MEASURE_ABRV.81254";""
"901000000000000091";"UNIT_MEASURE.CODE_UNIT_MEASURE.81255";"1015";"Unité(s) Klobusitzky";"Y";"Y";"UNIT_MEASURE.CODE_UNIT_MEASURE_ABRV.81255";""
"901000000000000109";"UNIT_MEASURE.CODE_UNIT_MEASURE.81256";"1015";"Unité(s) Mellaby";"Y";"Y";"UNIT_MEASURE.CODE_UNIT_MEASURE_ABRV.81256";""
"901000000000000092";"UNIT_MEASURE.CODE_UNIT_MEASURE.81257";"1015";"Unité(s) Mérieux";"Y";"Y";"UNIT_MEASURE.CODE_UNIT_MEASURE_ABRV.81257";""
"901000000000000093";"UNIT_MEASURE.CODE_UNIT_MEASURE.81258";"1015";"Unité(s) Medical Research Council";"Y";"Y";"UNIT_MEASURE.CODE_UNIT_MEASURE_ABRV.81258";""
"901000000000000598";"UNIT_MEASURE.CODE_UNIT_MEASURE.81259";"1015";"unidose(s)";"Y";"Y";"UNIT_MEASURE.CODE_UNIT_MEASURE_ABRV.81259";""
"901000000001000106";"UNIT_MEASURE.CODE_UNIT_MEASURE.81260";"1015";"unidose(s)";"Y";"Y";"UNIT_MEASURE.CODE_UNIT_MEASURE_ABRV.81260";""
"901000000000000674";"UNIT_MEASURE.CODE_UNIT_MEASURE.81261";"1015";"unidose(s) de 0,35 ml";"Y";"Y";"UNIT_MEASURE.CODE_UNIT_MEASURE_ABRV.81261";""
"901000000000000600";"UNIT_MEASURE.CODE_UNIT_MEASURE.81262";"1015";"unidose(s) de 0,4 ml";"Y";"Y";"UNIT_MEASURE.CODE_UNIT_MEASURE_ABRV.81262";""
"901000000000000675";"UNIT_MEASURE.CODE_UNIT_MEASURE.81263";"1015";"unidose(s) de 3,5 ml";"Y";"Y";"UNIT_MEASURE.CODE_UNIT_MEASURE_ABRV.81263";""
"901000000000000673";"UNIT_MEASURE.CODE_UNIT_MEASURE.81264";"1015";"unidose(s) de 5 ml";"Y";"Y";"UNIT_MEASURE.CODE_UNIT_MEASURE_ABRV.81264";""
"901000000001000107";"UNIT_MEASURE.CODE_UNIT_MEASURE.81265";"1015";"unidose(s) avec applicateur";"Y";"Y";"UNIT_MEASURE.CODE_UNIT_MEASURE_ABRV.81265";""
"901000000000000110";"UNIT_MEASURE.CODE_UNIT_MEASURE.81266";"1015";"Unité(s) National Institutes of Health";"Y";"Y";"UNIT_MEASURE.CODE_UNIT_MEASURE_ABRV.81266";""
"901000000000000666";"UNIT_MEASURE.CODE_UNIT_MEASURE.81267";"1015";"unité(s) de prise";"Y";"Y";"UNIT_MEASURE.CODE_UNIT_MEASURE_ABRV.81267";""
"901000000000000111";"UNIT_MEASURE.CODE_UNIT_MEASURE.81268";"1015";"Unité(s) Pharmacopée Européenne";"Y";"Y";"UNIT_MEASURE.CODE_UNIT_MEASURE_ABRV.81268";""
"901000000000000094";"UNIT_MEASURE.CODE_UNIT_MEASURE.81269";"1015";"Unité(s) Pharmacopée Européenne";"Y";"Y";"UNIT_MEASURE.CODE_UNIT_MEASURE_ABRV.81269";""
"901000000000000656";"UNIT_MEASURE.CODE_UNIT_MEASURE.81270";"1015";"Unité(s) Pharmacopée Européenne/dose";"Y";"Y";"UNIT_MEASURE.CODE_UNIT_MEASURE_ABRV.81270";""
"901000000000000095";"UNIT_MEASURE.CODE_UNIT_MEASURE.81271";"1015";"Unité(s) Speywood";"Y";"Y";"UNIT_MEASURE.CODE_UNIT_MEASURE_ABRV.81271";""
"901000000000000112";"UNIT_MEASURE.CODE_UNIT_MEASURE.81272";"1015";"Unité(s) Skin Respiratory Factor";"Y";"Y";"UNIT_MEASURE.CODE_UNIT_MEASURE_ABRV.81272";""
"901000000000000681";"UNIT_MEASURE.CODE_UNIT_MEASURE.81273";"1015";"Unité(s) Skin Respiratory Factor/g";"Y";"Y";"UNIT_MEASURE.CODE_UNIT_MEASURE_ABRV.81273";""
"901000000000000602";"UNIT_MEASURE.CODE_UNIT_MEASURE.81274";"1015";"utilisation(s)";"Y";"Y";"UNIT_MEASURE.CODE_UNIT_MEASURE_ABRV.81274";""
"901000000001000177";"UNIT_MEASURE.CODE_UNIT_MEASURE.81275";"1015";"vaporisateur(s)";"Y";"Y";"UNIT_MEASURE.CODE_UNIT_MEASURE_ABRV.81275";""
