"ALLERGY.CODE_ALLERGY.8881072590";"albumine humaine solution"
"ALLERGY.CODE_ALLERGY.8881072591";"bacitracine sel de Zn"
"ALLERGY.CODE_ALLERGY.8881072592";"bamipine chlorhydrate"
"ALLERGY.CODE_ALLERGY.8881072593";"bendazac lysine"
"ALLERGY.CODE_ALLERGY.8881072594";"arachide huile hydrogénée"
"ALLERGY.CODE_ALLERGY.8881072595";"atropine méthonitrate"
"ALLERGY.CODE_ALLERGY.8881072596";"aubépine"
"ALLERGY.CODE_ALLERGY.8881072597";"aubépine sommité fleurie extrait hydroalcoolique"
"ALLERGY.CODE_ALLERGY.8881072598";"bétahistine dimésilate"
"ALLERGY.CODE_ALLERGY.8881072599";"bétaïne bromure"
"ALLERGY.CODE_ALLERGY.8881072600";"bétaïne chlorhydrate"
"ALLERGY.CODE_ALLERGY.8881072601";"bétaïne tartrate"
"ALLERGY.CODE_ALLERGY.8881072602";"bismuth sous-salicylate"
"ALLERGY.CODE_ALLERGY.8881072603";"carbutamide"
"ALLERGY.CODE_ALLERGY.8881072604";"carisoprodol"
"ALLERGY.CODE_ALLERGY.8881072605";"catalase de cheval"
"ALLERGY.CODE_ALLERGY.8881072606";"céfadroxil"
"ALLERGY.CODE_ALLERGY.8881072607";"céfaloridine"
"ALLERGY.CODE_ALLERGY.8881072608";"cefditorène pivoxil"
"ALLERGY.CODE_ALLERGY.8881072609";"céfotétan disodique"
"ALLERGY.CODE_ALLERGY.8881072610";"cétomacrogol 1000"
"ALLERGY.CODE_ALLERGY.8881072611";"colistine sulfate"
"ALLERGY.CODE_ALLERGY.8881072612";"chlorure ferreux tétrahydrate"
"ALLERGY.CODE_ALLERGY.8881072613";"cinépazide maléate"
"ALLERGY.CODE_ALLERGY.8881072614";"cinnarizine"
"ALLERGY.CODE_ALLERGY.8881072615";"ciprofloxacine lactate"
"ALLERGY.CODE_ALLERGY.8881072616";"cisapride anhydre"
"ALLERGY.CODE_ALLERGY.8881072617";"clémizole pénicilline"
"ALLERGY.CODE_ALLERGY.8881072618";"clobétasone butyrate"
"ALLERGY.CODE_ALLERGY.8881072619";"clocinizine dichlorhydrate"
"ALLERGY.CODE_ALLERGY.8881072620";"diphénhydramine mésilate"
"ALLERGY.CODE_ALLERGY.8881072621";"dipiprovérine dichlorhydrate"
"ALLERGY.CODE_ALLERGY.8881072622";"dolasétron mésilate"
"ALLERGY.CODE_ALLERGY.8881072623";"dronabinol"
"ALLERGY.CODE_ALLERGY.8881072624";"dexaméthasone phosphate"
"ALLERGY.CODE_ALLERGY.8881072625";"dexibuprofène"
"ALLERGY.CODE_ALLERGY.8881072626";"dihydroergocristine ésilate"
"ALLERGY.CODE_ALLERGY.8881072627";"diiodohydroxyquinoléine"
"ALLERGY.CODE_ALLERGY.8881072628";"dimétindène maléate"
"ALLERGY.CODE_ALLERGY.8881072629";"dimétotiazine mésilate"
"ALLERGY.CODE_ALLERGY.8881072630";"édrophonium chlorure"
"ALLERGY.CODE_ALLERGY.8881072631";"enflurane"
"ALLERGY.CODE_ALLERGY.8881072632";"éphédrine lévulinate"
"ALLERGY.CODE_ALLERGY.8881072633";"ésérine salicylate"
"ALLERGY.CODE_ALLERGY.8881072634";"estradiol cipionate"
"ALLERGY.CODE_ALLERGY.8881072635";"hamamélis de Virginie feuille extrait hydroalcoolique"
"ALLERGY.CODE_ALLERGY.8881072636";"hamamélis de Virginie feuille extrait mou"
"ALLERGY.CODE_ALLERGY.8881072637";"hexobarbital"
"ALLERGY.CODE_ALLERGY.8881072638";"gluceptate ferreux"
"ALLERGY.CODE_ALLERGY.8881072639";"gluten"
"ALLERGY.CODE_ALLERGY.8881072640";"glycérol et macrogol 4000 stéarate"
"ALLERGY.CODE_ALLERGY.8881072641";"gonadoréline chlorhydrate"
"ALLERGY.CODE_ALLERGY.8881072642";"insuline d'origine porcine"
"ALLERGY.CODE_ALLERGY.8881072643";"antazoline chlorhydrate"
"ALLERGY.CODE_ALLERGY.8881072644";"antazoline sulfate"
"ALLERGY.CODE_ALLERGY.8881072645";"antrafénine"
"ALLERGY.CODE_ALLERGY.8881072646";"acide nalidixique"
"ALLERGY.CODE_ALLERGY.8881072647";"acide pipémidique"
"ALLERGY.CODE_ALLERGY.8881072648";"acide tolfénamique"
"ALLERGY.CODE_ALLERGY.8881072649";"alimémazine"
"ALLERGY.CODE_ALLERGY.8881072650";"amantadine"
"ALLERGY.CODE_ALLERGY.8881072651";"amobarbital"
"ALLERGY.CODE_ALLERGY.8881072652";"amobarbital sel de Na"
"ALLERGY.CODE_ALLERGY.8881072653";"amoxicilline"
"ALLERGY.CODE_ALLERGY.8881072654";"nicotine bitartrate"
"ALLERGY.CODE_ALLERGY.8881072655";"pramipexole dichlorhydrate"
"ALLERGY.CODE_ALLERGY.8881072656";"imipénem anhydre"
"ALLERGY.CODE_ALLERGY.8881072657";"immunoglobulines de cheval anti-thymocytes humains"
"ALLERGY.CODE_ALLERGY.8881072658";"hydrofluméthiazide"
"ALLERGY.CODE_ALLERGY.8881072659";"butofilolol"
"ALLERGY.CODE_ALLERGY.8881072660";"étidronate disodique"
"ALLERGY.CODE_ALLERGY.8881072661";"fébarbamate"
"ALLERGY.CODE_ALLERGY.8881072662";"felbinac"
"ALLERGY.CODE_ALLERGY.8881072663";"calcium pidolate"
"ALLERGY.CODE_ALLERGY.8881072664";"complexe ferrico-ferroso-sodique de l'acide déhydroascorbique"
"ALLERGY.CODE_ALLERGY.8881072665";"fentanyl chlorhydrate"
"ALLERGY.CODE_ALLERGY.8881072666";"carbasalate calcique"
"ALLERGY.CODE_ALLERGY.8881072667";"carbazochrome sulfonate sodique"
"ALLERGY.CODE_ALLERGY.8881072668";"cyanocobalamine anhydre"
"ALLERGY.CODE_ALLERGY.8881072669";"dalfopristine mésilate"
"ALLERGY.CODE_ALLERGY.8881072670";"déanol pidolate"
"ALLERGY.CODE_ALLERGY.8881072671";"délapril chlorhydrate"
"ALLERGY.CODE_ALLERGY.8881072672";"déserpidine"
"ALLERGY.CODE_ALLERGY.8881072673";"désipramine chlorhydrate"
"ALLERGY.CODE_ALLERGY.8881072674";"bruyère fleur"
"ALLERGY.CODE_ALLERGY.8881072675";"bufexamac"
"ALLERGY.CODE_ALLERGY.8881072676";"vinbarbital"
"ALLERGY.CODE_ALLERGY.8881072677";"zipéprol dichlorhydrate"
"ALLERGY.CODE_ALLERGY.8881072678";"zorubicine chlorhydrate"
"ALLERGY.CODE_ALLERGY.8881072679";"sulfapyridine"
"ALLERGY.CODE_ALLERGY.8881072680";"téniposide"
"ALLERGY.CODE_ALLERGY.8881072681";"testostérone décanoate"
"ALLERGY.CODE_ALLERGY.8881072682";"testostérone hexahydrobenzoate"
"ALLERGY.CODE_ALLERGY.8881072683";"tétryzoline chlorhydrate"
"ALLERGY.CODE_ALLERGY.8881072684";"tofacitinib"
"ALLERGY.CODE_ALLERGY.8881072685";"triamcinolone bénétonide"
"ALLERGY.CODE_ALLERGY.8881072686";"triflupéridol chlorhydrate"
"ALLERGY.CODE_ALLERGY.8881072687";"triflupromazine chlorhydrate"
"ALLERGY.CODE_ALLERGY.8881072688";"trolamine laurylsulfate"
"ALLERGY.CODE_ALLERGY.8881072689";"phénylbutazone sodique"
"ALLERGY.CODE_ALLERGY.8881072690";"phényltoloxamine résinate"
"ALLERGY.CODE_ALLERGY.8881072691";"nadifloxacine"
"ALLERGY.CODE_ALLERGY.8881072692";"p-hydroxybenzoate de butyle sodique"
"ALLERGY.CODE_ALLERGY.8881072693";"nicergoline"
"ALLERGY.CODE_ALLERGY.8881072694";"pipérazine anhydre"
"ALLERGY.CODE_ALLERGY.8881072695";"pipérazine sébacate"
"ALLERGY.CODE_ALLERGY.8881072696";"nifurtoïnol"
"ALLERGY.CODE_ALLERGY.8881072697";"pipotiazine undécylénate"
"ALLERGY.CODE_ALLERGY.8881072698";"prochlorpérazine"
"ALLERGY.CODE_ALLERGY.8881072699";"octatropine méthylbromure"
"ALLERGY.CODE_ALLERGY.8881072700";"propiomazine"
"ALLERGY.CODE_ALLERGY.8881072701";"stéarate de glycéryle et de macrogol 4000"
"ALLERGY.CODE_ALLERGY.8881072702";"sulfadiméthoxine"
"ALLERGY.CODE_ALLERGY.8881072703";"sulfaguanidine hydrate"
"ALLERGY.CODE_ALLERGY.8881072704";"sulfamoxole"
"ALLERGY.CODE_ALLERGY.8881072705";"isoprénaline sulfate"
"ALLERGY.CODE_ALLERGY.8881072706";"quinidine phényléthylbarbiturate"
"ALLERGY.CODE_ALLERGY.8881072707";"maltose"
"ALLERGY.CODE_ALLERGY.8881072708";"manganèse pidolate"
"ALLERGY.CODE_ALLERGY.8881072709";"maprotiline mésilate"
"ALLERGY.CODE_ALLERGY.8881072710";"isoxicam"
"ALLERGY.CODE_ALLERGY.8881072711";"quinupristine mésilate"
"ALLERGY.CODE_ALLERGY.8881072712";"kanamycine monosulfate"
"ALLERGY.CODE_ALLERGY.8881072713";"kitasamycine"
"ALLERGY.CODE_ALLERGY.8881072714";"rescinnamine"
"ALLERGY.CODE_ALLERGY.8881072715";"mébutamate"
"ALLERGY.CODE_ALLERGY.8881072716";"oxamétacine"
"ALLERGY.CODE_ALLERGY.8881072717";"oxatomide"
"ALLERGY.CODE_ALLERGY.8881072718";"lactose PF"
"ALLERGY.CODE_ALLERGY.8881072719";"lait sec écrém"
"ALLERGY.CODE_ALLERGY.8881072720";"ribostamycine sulfate"
"ALLERGY.CODE_ALLERGY.8881072721";"menthe essence spearmint"
"ALLERGY.CODE_ALLERGY.8881072722";"oxibétaïne"
"ALLERGY.CODE_ALLERGY.8881072723";"oxitéfonium bromure"
"ALLERGY.CODE_ALLERGY.8881072724";"ropivacaïne chlorhydrate anhydre"
"ALLERGY.CODE_ALLERGY.8881072725";"mercaptamine chlorhydrate"
"ALLERGY.CODE_ALLERGY.8881072726";"mercurophylline"
"ALLERGY.CODE_ALLERGY.8881072727";"lévofacétopérane chlorhydrate"
"ALLERGY.CODE_ALLERGY.8881072728";"lévosulpiride"
"ALLERGY.CODE_ALLERGY.8881072729";"mésuximide"
"ALLERGY.CODE_ALLERGY.8881072730";"méthacholine et magnésium sulfate double"
"ALLERGY.CODE_ALLERGY.8881072731";"methdilazine chlorhydrate"
"ALLERGY.CODE_ALLERGY.8881072732";"méthénamine iodométhylate"
"ALLERGY.CODE_ALLERGY.8881072733";"paricalcitol"
"ALLERGY.CODE_ALLERGY.8881072734";"lithium citrate"
"ALLERGY.CODE_ALLERGY.8881072735";"méthoxyflurane"
"ALLERGY.CODE_ALLERGY.8881072736";"lobéline sulfate"
"ALLERGY.CODE_ALLERGY.8881072737";"scopolamine N-oxyde bromhydrate"
"ALLERGY.CODE_ALLERGY.8881072738";"métoclopramide dichlorhydrate"
"ALLERGY.CODE_ALLERGY.8881072739";"métolazone"
"ALLERGY.CODE_ALLERGY.8881072740";"mezlocilline sel de Na monohydrate"
"ALLERGY.CODE_ALLERGY.8881072741";"micronomicine sulfate"
"ALLERGY.CODE_ALLERGY.8881072742";"pentapipéride"
"ALLERGY.CODE_ALLERGY.8881072743";"pentapipérium métilsulfate"
"ALLERGY.CODE_ALLERGY.8881072744";"pentobarbital sel de Na"
"ALLERGY.CODE_ALLERGY.8881072745";"périmétazine"
"ALLERGY.CODE_ALLERGY.8881072746";"macrogol 1000"
"ALLERGY.CODE_ALLERGY.8881072747";"macrogol 120 méthylglucose dioléate"
"ALLERGY.CODE_ALLERGY.8881072748";"macrogol 1450"
"ALLERGY.CODE_ALLERGY.8881072749";"macrogol 1500"
"ALLERGY.CODE_ALLERGY.8881072750";"phenbutamide"
"ALLERGY.CODE_ALLERGY.8881072751";"phénéticilline potassique"
"ALLERGY.CODE_ALLERGY.8881072752";"phénoxyméthylpénicilline sel de K"
"ALLERGY.CODE_ALLERGY.8881072753";"macrogol 300 stéarate"
"ALLERGY.CODE_ALLERGY.8881072754";"macrogol 6000 distéarate"
"ALLERGY.CODE_ALLERGY.8881072755";"macrogol éther d'alcool gras"
"ALLERGY.CODE_ALLERGY.8881072756";"macrogolglycérol hydroxystéarate"
"ALLERGY.CODE_ALLERGY.8881072757";"acéfylline heptaminol"
"ALLERGY.CODE_ALLERGY.8881072758";"acétylspiramycine"
"ALLERGY.CODE_ALLERGY.8881072759";"azatadine maléate"
"ALLERGY.CODE_ALLERGY.8881072760";"azilsartan médoxomil"
"ALLERGY.CODE_ALLERGY.8881072761";"barbital sodique"
"ALLERGY.CODE_ALLERGY.8881072762";"béclométasone dipropionate anhydre"
"ALLERGY.CODE_ALLERGY.8881072763";"aptocaïne chlorhydrate"
"ALLERGY.CODE_ALLERGY.8881072764";"arachide huile hyperoxygénée"
"ALLERGY.CODE_ALLERGY.8881072765";"astémizole"
"ALLERGY.CODE_ALLERGY.8881072766";"aubépine extrait fluide"
"ALLERGY.CODE_ALLERGY.8881072767";"aubépine poudre"
"ALLERGY.CODE_ALLERGY.8881072768";"aubépine sommité fleurie extrait mou"
"ALLERGY.CODE_ALLERGY.8881072769";"bénorilate"
"ALLERGY.CODE_ALLERGY.8881072770";"benpérazine bromure"
"ALLERGY.CODE_ALLERGY.8881072771";"berbérine chlorure dihydrate"
"ALLERGY.CODE_ALLERGY.8881072772";"bétaïne"
"ALLERGY.CODE_ALLERGY.8881072773";"carboprost"
"ALLERGY.CODE_ALLERGY.8881072774";"carpipramine dichlorhydrate"
"ALLERGY.CODE_ALLERGY.8881072775";"chlorcyclizine chlorhydrate"
"ALLERGY.CODE_ALLERGY.8881072776";"céfaclor anhydre"
"ALLERGY.CODE_ALLERGY.8881072777";"céfalotine sodique"
"ALLERGY.CODE_ALLERGY.8881072778";"cefdinir"
"ALLERGY.CODE_ALLERGY.8881072779";"céfépime chlorhydrate"
"ALLERGY.CODE_ALLERGY.8881072780";"ceftaroline fosamil "
"ALLERGY.CODE_ALLERGY.8881072781";"cétomacrogol 100"
"ALLERGY.CODE_ALLERGY.8881072782";"clopérastine"
"ALLERGY.CODE_ALLERGY.8881072783";"chloroquine salicylate"
"ALLERGY.CODE_ALLERGY.8881072784";"chlorphénoxamine chlorhydrate"
"ALLERGY.CODE_ALLERGY.8881072785";"choline"
"ALLERGY.CODE_ALLERGY.8881072786";"citicoline sodique"
"ALLERGY.CODE_ALLERGY.8881072787";"clométocilline"
"ALLERGY.CODE_ALLERGY.8881072788";"d-alpha tocophéryle succinate-PEG 1000"
"ALLERGY.CODE_ALLERGY.8881072789";"diphénhydramine"
"ALLERGY.CODE_ALLERGY.8881072790";"diphépanol"
"ALLERGY.CODE_ALLERGY.8881072791";"dompéridone maléate"
"ALLERGY.CODE_ALLERGY.8881072792";"doxycycline calcique"
"ALLERGY.CODE_ALLERGY.8881072793";"désirudine"
"ALLERGY.CODE_ALLERGY.8881072794";"desmopressine acétate"
"ALLERGY.CODE_ALLERGY.8881072795";"dexkétoprofène"
"ALLERGY.CODE_ALLERGY.8881072796";"dibékacine sulfate"
"ALLERGY.CODE_ALLERGY.8881072797";"dihydroergocryptine alpha mésilate"
"ALLERGY.CODE_ALLERGY.8881072798";"diméthoxanate chlorhydrate"
"ALLERGY.CODE_ALLERGY.8881072799";"diméthyltubocurarinium iodure"
"ALLERGY.CODE_ALLERGY.8881072800";"éphédrine"
"ALLERGY.CODE_ALLERGY.8881072801";"éphédrine sulfate"
"ALLERGY.CODE_ALLERGY.8881072802";"érythromycine gluceptate"
"ALLERGY.CODE_ALLERGY.8881072803";"formaldéhyde solution"
"ALLERGY.CODE_ALLERGY.8881072804";"formotérol"
"ALLERGY.CODE_ALLERGY.8881072805";"fosaprépitant diméglumine"
"ALLERGY.CODE_ALLERGY.8881072806";"gliquidone"
"ALLERGY.CODE_ALLERGY.8881072807";"genévrier extrait fluide"
"ALLERGY.CODE_ALLERGY.8881072808";"hamamélis de Virginie extrait"
"ALLERGY.CODE_ALLERGY.8881072809";"hamamélis de Virginie feuille"
"ALLERGY.CODE_ALLERGY.8881072810";"hamamélis extrait"
"ALLERGY.CODE_ALLERGY.8881072811";"hamamélis feuille extrait aqueux"
"ALLERGY.CODE_ALLERGY.8881072812";"hamamélis feuille extrait sec aqueux"
"ALLERGY.CODE_ALLERGY.8881072813";"glybuzole"
"ALLERGY.CODE_ALLERGY.8881072814";"glycyclamide"
"ALLERGY.CODE_ALLERGY.8881072815";"gonadoréline"
"ALLERGY.CODE_ALLERGY.8881072816";"interféron alfa-2a recombinant"
"ALLERGY.CODE_ALLERGY.8881072817";"ispaghul tégument poudre"
"ALLERGY.CODE_ALLERGY.8881072818";"antazoline mésilate"
"ALLERGY.CODE_ALLERGY.8881072819";"sitagliptine phosphate"
"ALLERGY.CODE_ALLERGY.8881072820";"acide niflumique glycinamide"
"ALLERGY.CODE_ALLERGY.8881072821";"acide valproïque"
"ALLERGY.CODE_ALLERGY.8881072822";"aclidinium bromure"
"ALLERGY.CODE_ALLERGY.8881072823";"rosuvastatine"
"ALLERGY.CODE_ALLERGY.8881072824";"salbutamol"
"ALLERGY.CODE_ALLERGY.8881072825";"aminophénazone"
"ALLERGY.CODE_ALLERGY.8881072826";"aminopromazine fumarate"
"ALLERGY.CODE_ALLERGY.8881072827";"amlodipine maléate"
"ALLERGY.CODE_ALLERGY.8881072828";"ampicilline"
"ALLERGY.CODE_ALLERGY.8881072829";"anethocurarium diiodure"
"ALLERGY.CODE_ALLERGY.8881072830";"raltégravir"
"ALLERGY.CODE_ALLERGY.8881072831";"lopéramide oxyde"
"ALLERGY.CODE_ALLERGY.8881072832";"ponatinib"
"ALLERGY.CODE_ALLERGY.8881072833";"indalpine"
"ALLERGY.CODE_ALLERGY.8881072834";"homatropine méthylbromure"
"ALLERGY.CODE_ALLERGY.8881072835";"bupivacaïne chlorhydrate anhydre"
"ALLERGY.CODE_ALLERGY.8881072836";"butopiprine bromhydrate"
"ALLERGY.CODE_ALLERGY.8881072837";"éthylène glycol salicylate"
"ALLERGY.CODE_ALLERGY.8881072838";"buzépide métiodure"
"ALLERGY.CODE_ALLERGY.8881072839";"étodroxizine dimaléate"
"ALLERGY.CODE_ALLERGY.8881072840";"fer phosphate diacide"
"ALLERGY.CODE_ALLERGY.8881072841";"fer silicate"
"ALLERGY.CODE_ALLERGY.8881072842";"foie de flétan huile"
"ALLERGY.CODE_ALLERGY.8881072843";"broxyquinoline"
"ALLERGY.CODE_ALLERGY.8881072844";"bruyère"
"ALLERGY.CODE_ALLERGY.8881072845";"ziprasidone chlorhydrate"
"ALLERGY.CODE_ALLERGY.8881072846";"ziprasidone mésilate"
"ALLERGY.CODE_ALLERGY.8881072847";"tartrate ferreux"
"ALLERGY.CODE_ALLERGY.8881072848";"testostérone propionate"
"ALLERGY.CODE_ALLERGY.8881072849";"thiamine chlorhydrate anhydre"
"ALLERGY.CODE_ALLERGY.8881072850";"thioridazine"
"ALLERGY.CODE_ALLERGY.8881072851";"tilbroquinol furoyl"
"ALLERGY.CODE_ALLERGY.8881072852";"tripélennamine chlorhydrate"
"ALLERGY.CODE_ALLERGY.8881072853";"morpholine salicylate"
"ALLERGY.CODE_ALLERGY.8881072854";"phénylbutazone pipérazine"
"ALLERGY.CODE_ALLERGY.8881072855";"phényléphrine bitartrate"
"ALLERGY.CODE_ALLERGY.8881072856";"pifoxime"
"ALLERGY.CODE_ALLERGY.8881072857";"potassium métabisulfite"
"ALLERGY.CODE_ALLERGY.8881072858";"nickel tartrate"
"ALLERGY.CODE_ALLERGY.8881072859";"prednisolone stéaglate"
"ALLERGY.CODE_ALLERGY.8881072860";"nicotinate de tocophérol"
"ALLERGY.CODE_ALLERGY.8881072861";"nifurfoline"
"ALLERGY.CODE_ALLERGY.8881072862";"nilvadipine"
"ALLERGY.CODE_ALLERGY.8881072863";"pipradrol chlorhydrate"
"ALLERGY.CODE_ALLERGY.8881072864";"pirenzépine dichlorhydrate"
"ALLERGY.CODE_ALLERGY.8881072865";"pirprofène"
"ALLERGY.CODE_ALLERGY.8881072866";"prochlorpérazine maléate"
"ALLERGY.CODE_ALLERGY.8881072867";"prométhazine polyvinylbenzène-métacrylate"
"ALLERGY.CODE_ALLERGY.8881072868";"oeuf lécithine"
"ALLERGY.CODE_ALLERGY.8881072869";"propamidine isétionate"
"ALLERGY.CODE_ALLERGY.8881072870";"propylèneglycol salicylate"
"ALLERGY.CODE_ALLERGY.8881072871";"protéines bovines"
"ALLERGY.CODE_ALLERGY.8881072872";"sulbactam pivoxil"
"ALLERGY.CODE_ALLERGY.8881072873";"sulfaguanidine anhydre"
"ALLERGY.CODE_ALLERGY.8881072874";"pyrvinium embonate"
"ALLERGY.CODE_ALLERGY.8881072875";"quinupramine"
"ALLERGY.CODE_ALLERGY.8881072876";"oxaprozine"
"ALLERGY.CODE_ALLERGY.8881072877";"oxazidione"
"ALLERGY.CODE_ALLERGY.8881072878";"lactate ferreux"
"ALLERGY.CODE_ALLERGY.8881072879";"lactoglobuline-lactose"
"ALLERGY.CODE_ALLERGY.8881072880";"lait"
"ALLERGY.CODE_ALLERGY.8881072881";"rolitétracycline"
"ALLERGY.CODE_ALLERGY.8881072882";"oxitropium bromure"
"ALLERGY.CODE_ALLERGY.8881072883";"rosoxacine"
"ALLERGY.CODE_ALLERGY.8881072884";"roxatidine acétate chlorhydrate"
"ALLERGY.CODE_ALLERGY.8881072885";"méphénytoïne"
"ALLERGY.CODE_ALLERGY.8881072886";"mercaptomérine sel  de Na"
"ALLERGY.CODE_ALLERGY.8881072887";"mercure"
"ALLERGY.CODE_ALLERGY.8881072888";"salicylate de benzyle"
"ALLERGY.CODE_ALLERGY.8881072889";"métahexamide"
"ALLERGY.CODE_ALLERGY.8881072890";"métamizole sodique"
"ALLERGY.CODE_ALLERGY.8881072891";"métampicilline sel de Na"
"ALLERGY.CODE_ALLERGY.8881072892";"méthénamine camphorate"
"ALLERGY.CODE_ALLERGY.8881072893";"méthohexital sel de Na"
"ALLERGY.CODE_ALLERGY.8881072894";"parathiazine"
"ALLERGY.CODE_ALLERGY.8881072895";"sauge essence"
"ALLERGY.CODE_ALLERGY.8881072896";"méticilline sel de Na"
"ALLERGY.CODE_ALLERGY.8881072897";"pénéthacilline iodhydrate"
"ALLERGY.CODE_ALLERGY.8881072898";"lithium iodure"
"ALLERGY.CODE_ALLERGY.8881072899";"lobéline chlorhydrate"
"ALLERGY.CODE_ALLERGY.8881072900";"lorcaïnide chlorhydrate"
"ALLERGY.CODE_ALLERGY.8881072901";"lornoxicam"
"ALLERGY.CODE_ALLERGY.8881072902";"loxoprofène sodique"
"ALLERGY.CODE_ALLERGY.8881072903";"pentamidine dimésilate"
"ALLERGY.CODE_ALLERGY.8881072904";"macrogol 1000 éther cétostéarylique"
"ALLERGY.CODE_ALLERGY.8881072905";"macrogol 120"
"ALLERGY.CODE_ALLERGY.8881072906";"macrogol 20 000"
"ALLERGY.CODE_ALLERGY.8881072907";"macrogol 20 méthylglucose sesquistéarate"
"ALLERGY.CODE_ALLERGY.8881072908";"macrogol 350"
"ALLERGY.CODE_ALLERGY.8881072909";"macrogol 350 éther monoéthylique"
"ALLERGY.CODE_ALLERGY.8881072910";"macrogol 4000 stéarate"
"ALLERGY.CODE_ALLERGY.8881072911";"macrogol 400 alcanoates"
"ALLERGY.CODE_ALLERGY.8881072912";"macrogol 40 stéarate"
"ALLERGY.CODE_ALLERGY.8881072913";"macrogol glycérides linoléiques"
"ALLERGY.CODE_ALLERGY.8881072914";"acide dithiosalicylique"
"ALLERGY.CODE_ALLERGY.8881072915";"acide fusidique hémihydrate"
"ALLERGY.CODE_ALLERGY.8881072916";"béfunolol chlorhydrate"
"ALLERGY.CODE_ALLERGY.8881072917";"artichaut extrait fluide hydroalcoolique"
"ALLERGY.CODE_ALLERGY.8881072918";"aubépine nébulisat hydroalcoolique"
"ALLERGY.CODE_ALLERGY.8881072919";"aubépine sommité fleurie extrait sec"
"ALLERGY.CODE_ALLERGY.8881072920";"benpéridol"
"ALLERGY.CODE_ALLERGY.8881072921";"berbérine sulfate"
"ALLERGY.CODE_ALLERGY.8881072922";"bipéridène lactate"
"ALLERGY.CODE_ALLERGY.8881072923";"carbonate ferreux"
"ALLERGY.CODE_ALLERGY.8881072924";"céfatrizine propylèneglycol"
"ALLERGY.CODE_ALLERGY.8881072925";"céfopérazone sel de Na"
"ALLERGY.CODE_ALLERGY.8881072926";"ceftaroline fosamil acétate"
"ALLERGY.CODE_ALLERGY.8881072927";"cocaïne chlorhydrate"
"ALLERGY.CODE_ALLERGY.8881072928";"chlorothiazide"
"ALLERGY.CODE_ALLERGY.8881072929";"chlorproéthazine chlorhydrate"
"ALLERGY.CODE_ALLERGY.8881072930";"choline distéaroglycérophosphate"
"ALLERGY.CODE_ALLERGY.8881072931";"choline théophyllinate"
"ALLERGY.CODE_ALLERGY.8881072932";"chondroïtine sulfate"
"ALLERGY.CODE_ALLERGY.8881072933";"cilazapril"
"ALLERGY.CODE_ALLERGY.8881072934";"cisapride monohydrate"
"ALLERGY.CODE_ALLERGY.8881072935";"citrobétaïnate ferrique"
"ALLERGY.CODE_ALLERGY.8881072936";"clindamycine chlorhydrate"
"ALLERGY.CODE_ALLERGY.8881072937";"clobétasone"
"ALLERGY.CODE_ALLERGY.8881072938";"clofézone"
"ALLERGY.CODE_ALLERGY.8881072939";"diphénylpyraline chlorhydrate"
"ALLERGY.CODE_ALLERGY.8881072940";"dèsvenlafaxine succinate"
"ALLERGY.CODE_ALLERGY.8881072941";"dexaméthasone isonicotinate"
"ALLERGY.CODE_ALLERGY.8881072942";"dextran 40"
"ALLERGY.CODE_ALLERGY.8881072943";"diclofénac colestyramine"
"ALLERGY.CODE_ALLERGY.8881072944";"dicloxacilline sel de Na"
"ALLERGY.CODE_ALLERGY.8881072945";"diéthylsalicylamide"
"ALLERGY.CODE_ALLERGY.8881072946";"difébarbamate"
"ALLERGY.CODE_ALLERGY.8881072947";"difénidol chlorhydrate"
"ALLERGY.CODE_ALLERGY.8881072948";"dihydroergocryptine ésilate"
"ALLERGY.CODE_ALLERGY.8881072949";"éthenzamide"
"ALLERGY.CODE_ALLERGY.8881072950";"énoxacine"
"ALLERGY.CODE_ALLERGY.8881072951";"éphédrine camsilate"
"ALLERGY.CODE_ALLERGY.8881072952";"érythromycine anhydre"
"ALLERGY.CODE_ALLERGY.8881072953";"estradiol benzoate"
"ALLERGY.CODE_ALLERGY.8881072954";"fer citrate ammoniacal"
"ALLERGY.CODE_ALLERGY.8881072955";"glafénine"
"ALLERGY.CODE_ALLERGY.8881072956";"gadoversétamide"
"ALLERGY.CODE_ALLERGY.8881072957";"gallamine triéthiodure"
"ALLERGY.CODE_ALLERGY.8881072958";"gémifloxacine mésilate"
"ALLERGY.CODE_ALLERGY.8881072959";"genévrier baie essence"
"ALLERGY.CODE_ALLERGY.8881072960";"hamamélis extrait sec"
"ALLERGY.CODE_ALLERGY.8881072961";"hamamélis feuille extrait hydroalcoolique"
"ALLERGY.CODE_ALLERGY.8881072962";"heptabarbe"
"ALLERGY.CODE_ALLERGY.8881072963";"grindélia"
"ALLERGY.CODE_ALLERGY.8881072964";"grindélia extrait fluide hydroalcoolique"
"ALLERGY.CODE_ALLERGY.8881072965";"halazone"
"ALLERGY.CODE_ALLERGY.8881072966";"interféron alfa-2b"
"ALLERGY.CODE_ALLERGY.8881072967";"interféron alfacon-1"
"ALLERGY.CODE_ALLERGY.8881072968";"interféron gamma-1b"
"ALLERGY.CODE_ALLERGY.8881072969";"iodazine"
"ALLERGY.CODE_ALLERGY.8881072970";"ispaghul graine poudre"
"ALLERGY.CODE_ALLERGY.8881072971";"ispaghul tégument"
"ALLERGY.CODE_ALLERGY.8881072972";"sodium nitroprussiate"
"ALLERGY.CODE_ALLERGY.8881072973";"acide pipémidique anhydre"
"ALLERGY.CODE_ALLERGY.8881072974";"somatostatine"
"ALLERGY.CODE_ALLERGY.8881072975";"acide spaglumique sel de Mg"
"ALLERGY.CODE_ALLERGY.8881072976";"acide ténoïque sel de Li"
"ALLERGY.CODE_ALLERGY.8881072977";"afatinib"
"ALLERGY.CODE_ALLERGY.8881072978";"alemtuzumab"
"ALLERGY.CODE_ALLERGY.8881072979";"allobarbital"
"ALLERGY.CODE_ALLERGY.8881072980";"aluminium salicylate basique"
"ALLERGY.CODE_ALLERGY.8881072981";"amantadine sulfate"
"ALLERGY.CODE_ALLERGY.8881072982";"amifostine"
"ALLERGY.CODE_ALLERGY.8881072983";"amoxicilline anhydre"
"ALLERGY.CODE_ALLERGY.8881072984";"ampicilline trihydrate"
"ALLERGY.CODE_ALLERGY.8881072985";"pyrèthre"
"ALLERGY.CODE_ALLERGY.8881072986";"phényltoloxamine"
"ALLERGY.CODE_ALLERGY.8881072987";"lisinopril"
"ALLERGY.CODE_ALLERGY.8881072988";"lisuride maléate acide"
"ALLERGY.CODE_ALLERGY.8881072989";"lodoxamide"
"ALLERGY.CODE_ALLERGY.8881072990";"immunoglobulines antidigitaliques ovines (fragments Fab)"
"ALLERGY.CODE_ALLERGY.8881072991";"immunoglobulines de lapin"
"ALLERGY.CODE_ALLERGY.8881072992";"immunoglobulines G humaines anti-CMV d'origine plasmatique"
"ALLERGY.CODE_ALLERGY.8881072993";"immunoglobulines humaines polyvalentes"
"ALLERGY.CODE_ALLERGY.8881072994";"hydrocortisone butéprate"
"ALLERGY.CODE_ALLERGY.8881072995";"bupranolol chlorhydrate"
"ALLERGY.CODE_ALLERGY.8881072996";"butalbital sel de Na"
"ALLERGY.CODE_ALLERGY.8881072997";"butizide"
"ALLERGY.CODE_ALLERGY.8881072998";"calcifédiol anhydre"
"ALLERGY.CODE_ALLERGY.8881072999";"calcitonine de porc"
"ALLERGY.CODE_ALLERGY.8881073000";"complexe fer - sorbitol - acide citrique - dextrine"
"ALLERGY.CODE_ALLERGY.8881073001";"fénéthazine"
"ALLERGY.CODE_ALLERGY.8881073002";"fer carbonyle"
"ALLERGY.CODE_ALLERGY.8881073003";"fer réduit"
"ALLERGY.CODE_ALLERGY.8881073004";"ferrocholinate"
"ALLERGY.CODE_ALLERGY.8881073005";"fer sesquicarbonate"
"ALLERGY.CODE_ALLERGY.8881073006";"ferumoxides"
"ALLERGY.CODE_ALLERGY.8881073007";"carbazochrome dihydrate"
"ALLERGY.CODE_ALLERGY.8881073008";"flétan huile"
"ALLERGY.CODE_ALLERGY.8881073009";"cyclizine"
"ALLERGY.CODE_ALLERGY.8881073010";"cystéine ascorbate"
"ALLERGY.CODE_ALLERGY.8881073011";"daunorubicine chlorhydrate anhydre"
"ALLERGY.CODE_ALLERGY.8881073012";"sulfisomidine"
"ALLERGY.CODE_ALLERGY.8881073013";"sultamicilline tosilate"
"ALLERGY.CODE_ALLERGY.8881073014";"témocilline sodique"
"ALLERGY.CODE_ALLERGY.8881073015";"tofacitinib citrate"
"ALLERGY.CODE_ALLERGY.8881073016";"trazodone chlorhydrate"
"ALLERGY.CODE_ALLERGY.8881073017";"trolamine salicylate"
"ALLERGY.CODE_ALLERGY.8881073018";"tropisétron chlorhydrate"
"ALLERGY.CODE_ALLERGY.8881073019";"phénylbutazone"
"ALLERGY.CODE_ALLERGY.8881073020";"phényltoloxamine polistirex"
"ALLERGY.CODE_ALLERGY.8881073021";"phosphate monoammonique"
"ALLERGY.CODE_ALLERGY.8881073022";"phtalylsulfathiazol"
"ALLERGY.CODE_ALLERGY.8881073023";"pipamazine"
"ALLERGY.CODE_ALLERGY.8881073024";"pipérazine citrate"
"ALLERGY.CODE_ALLERGY.8881073025";"pipérazine quinate"
"ALLERGY.CODE_ALLERGY.8881073026";"pipérazine tartrate"
"ALLERGY.CODE_ALLERGY.8881073027";"pipérazine théophylline-para-aminobenzoate"
"ALLERGY.CODE_ALLERGY.8881073028";"practolol"
"ALLERGY.CODE_ALLERGY.8881073029";"procymate"
"ALLERGY.CODE_ALLERGY.8881073030";"sorbitol et sorbitans solution"
"ALLERGY.CODE_ALLERGY.8881073031";"pseudoéphédrine sulfate"
"ALLERGY.CODE_ALLERGY.8881073032";"pyricarbate"
"ALLERGY.CODE_ALLERGY.8881073033";"sulfadioxo-imino-diméthylpyrimidine"
"ALLERGY.CODE_ALLERGY.8881073034";"isopropamide iodure"
"ALLERGY.CODE_ALLERGY.8881073035";"quinine salicylate"
"ALLERGY.CODE_ALLERGY.8881073036";"mécobalamine"
"ALLERGY.CODE_ALLERGY.8881073037";"méfruside"
"ALLERGY.CODE_ALLERGY.8881073038";"mélagatran"
"ALLERGY.CODE_ALLERGY.8881073039";"otilonium bromure"
"ALLERGY.CODE_ALLERGY.8881073040";"oxaflumazine disuccinate"
"ALLERGY.CODE_ALLERGY.8881073041";"rofécoxib"
"ALLERGY.CODE_ALLERGY.8881073042";"ménadiol phosphate sodique"
"ALLERGY.CODE_ALLERGY.8881073043";"menthe crépue essence"
"ALLERGY.CODE_ALLERGY.8881073044";"menthe essence naturelle"
"ALLERGY.CODE_ALLERGY.8881073045";"oxomémazine chlorhydrate"
"ALLERGY.CODE_ALLERGY.8881073046";"oxypertine"
"ALLERGY.CODE_ALLERGY.8881073047";"pancréatine d'origine porcine"
"ALLERGY.CODE_ALLERGY.8881073048";"pancuronium bromure"
"ALLERGY.CODE_ALLERGY.8881073049";"lépirudine"
"ALLERGY.CODE_ALLERGY.8881073050";"salicylate de méthoxyméthyle"
"ALLERGY.CODE_ALLERGY.8881073051";"méthacholine bromure"
"ALLERGY.CODE_ALLERGY.8881073052";"méthénamine citrate"
"ALLERGY.CODE_ALLERGY.8881073053";"lisinopril anhydre"
"ALLERGY.CODE_ALLERGY.8881073054";"sarcosine ascorbate"
"ALLERGY.CODE_ALLERGY.8881073055";"méticrane"
"ALLERGY.CODE_ALLERGY.8881073056";"perhexiline maléate"
"ALLERGY.CODE_ALLERGY.8881073057";"macrogol 1000 stéarate"
"ALLERGY.CODE_ALLERGY.8881073058";"macrogol 120 dioléate"
"ALLERGY.CODE_ALLERGY.8881073059";"macrogol 300 oléate"
"ALLERGY.CODE_ALLERGY.8881073060";"macrogol 35 000"
"ALLERGY.CODE_ALLERGY.8881073061";"macrogol 4000 palmitostéarate"
"ALLERGY.CODE_ALLERGY.8881073062";"macrogol 400 monostéarate"
"ALLERGY.CODE_ALLERGY.8881073063";"macrogol éther stéarylique"
"ALLERGY.CODE_ALLERGY.8881073064";"mafénide chlorhydrate"
"ALLERGY.CODE_ALLERGY.8881073065";"acide fusidique anhydre"
"ALLERGY.CODE_ALLERGY.8881073066";"acémétacine"
"ALLERGY.CODE_ALLERGY.8881073067";"acétohexamide"
"ALLERGY.CODE_ALLERGY.8881073068";"azacyclonol chlorhydrate"
"ALLERGY.CODE_ALLERGY.8881073069";"azlocilline sel de Na"
"ALLERGY.CODE_ALLERGY.8881073070";"artichaut extrait sec"
"ALLERGY.CODE_ALLERGY.8881073071";"artichaut feuille"
"ALLERGY.CODE_ALLERGY.8881073072";"artichaut feuille extrait"
"ALLERGY.CODE_ALLERGY.8881073073";"artichaut feuille extrait fluide hydroalcoolique"
"ALLERGY.CODE_ALLERGY.8881073074";"atorvastatine"
"ALLERGY.CODE_ALLERGY.8881073075";"aubépine sommité fleurie fraîche"
"ALLERGY.CODE_ALLERGY.8881073076";"benzododécinium bromure anhydre"
"ALLERGY.CODE_ALLERGY.8881073077";"benzododécinium chlorure"
"ALLERGY.CODE_ALLERGY.8881073078";"benzylpénicilline procaïne"
"ALLERGY.CODE_ALLERGY.8881073079";"bétaïnate ferreux chlorhydrate"
"ALLERGY.CODE_ALLERGY.8881073080";"bétaïne adipate"
"ALLERGY.CODE_ALLERGY.8881073081";"bétaïne malate"
"ALLERGY.CODE_ALLERGY.8881073082";"bétaïne phosphate"
"ALLERGY.CODE_ALLERGY.8881073083";"bétoxycaïne chlorhydrate"
"ALLERGY.CODE_ALLERGY.8881073084";"biétamivérine dichlorhydrate"
"ALLERGY.CODE_ALLERGY.8881073085";"bioalléthrine"
"ALLERGY.CODE_ALLERGY.8881073086";"chloropyramine chlorhydrate"
"ALLERGY.CODE_ALLERGY.8881073087";"céfixime"
"ALLERGY.CODE_ALLERGY.8881073088";"cefménoxime hémichlorhydrate"
"ALLERGY.CODE_ALLERGY.8881073089";"cefsulodine sodique"
"ALLERGY.CODE_ALLERGY.8881073090";"ceftazidime anhydre"
"ALLERGY.CODE_ALLERGY.8881073091";"cétrimonium bromure"
"ALLERGY.CODE_ALLERGY.8881073092";"chair de poisson huile naturelle"
"ALLERGY.CODE_ALLERGY.8881073093";"clopidogrel"
"ALLERGY.CODE_ALLERGY.8881073094";"cobamamide"
"ALLERGY.CODE_ALLERGY.8881073095";"choline chlorure"
"ALLERGY.CODE_ALLERGY.8881073096";"choline pantothénate solution aqueuse"
"ALLERGY.CODE_ALLERGY.8881073097";"choline thiosulfate"
"ALLERGY.CODE_ALLERGY.8881073098";"clobétasol"
"ALLERGY.CODE_ALLERGY.8881073099";"clofénamide"
"ALLERGY.CODE_ALLERGY.8881073100";"diphénoxylate chlorhydrate"
"ALLERGY.CODE_ALLERGY.8881073101";"doxycycline anhydre"
"ALLERGY.CODE_ALLERGY.8881073102";"doxycycline chlorhydrate"
"ALLERGY.CODE_ALLERGY.8881073103";"dropropizine"
"ALLERGY.CODE_ALLERGY.8881073104";"dextran 60"
"ALLERGY.CODE_ALLERGY.8881073105";"dextran 70"
"ALLERGY.CODE_ALLERGY.8881073106";"dextrocaïne chlorhydrate"
"ALLERGY.CODE_ALLERGY.8881073107";"dihydralazine sulfate"
"ALLERGY.CODE_ALLERGY.8881073108";"dimélazine"
"ALLERGY.CODE_ALLERGY.8881073109";"dinoprost"
"ALLERGY.CODE_ALLERGY.8881073110";"éfalizumab"
"ALLERGY.CODE_ALLERGY.8881073111";"épicilline"
"ALLERGY.CODE_ALLERGY.8881073112";"époétine delta"
"ALLERGY.CODE_ALLERGY.8881073113";"ertapénem sodique"
"ALLERGY.CODE_ALLERGY.8881073114";"érythromycine estolate"
"ALLERGY.CODE_ALLERGY.8881073115";"estradiol anhydre"
"ALLERGY.CODE_ALLERGY.8881073116";"étamocycline"
"ALLERGY.CODE_ALLERGY.8881073117";"formaldéhyde sulfoxylate sodique"
"ALLERGY.CODE_ALLERGY.8881073118";"glibornuride"
"ALLERGY.CODE_ALLERGY.8881073119";"furazolidone"
"ALLERGY.CODE_ALLERGY.8881073120";"gaïacol salicylate"
"ALLERGY.CODE_ALLERGY.8881073121";"genévrier"
"ALLERGY.CODE_ALLERGY.8881073122";"genévrier extrait"
"ALLERGY.CODE_ALLERGY.8881073123";"hamamélis de Virginie"
"ALLERGY.CODE_ALLERGY.8881073124";"hamamélis extrait aqueux"
"ALLERGY.CODE_ALLERGY.8881073125";"grépafloxacine chlorhydrate"
"ALLERGY.CODE_ALLERGY.8881073126";"tétracycline"
"ALLERGY.CODE_ALLERGY.8881073127";"apalcilline sodique"
"ALLERGY.CODE_ALLERGY.8881073128";"thiamine"
"ALLERGY.CODE_ALLERGY.8881073129";"tiagabine chlorhydrate"
"ALLERGY.CODE_ALLERGY.8881073130";"tirofiban chlorhydrate"
"ALLERGY.CODE_ALLERGY.8881073131";"triamcinolone"
"ALLERGY.CODE_ALLERGY.8881073132";"trimétazidine"
"ALLERGY.CODE_ALLERGY.8881073133";"aclarubicine chlorhydrate"
"ALLERGY.CODE_ALLERGY.8881073134";"acriflavine chlorhydrate"
"ALLERGY.CODE_ALLERGY.8881073135";"almitrine"
"ALLERGY.CODE_ALLERGY.8881073136";"almotriptan malate"
"ALLERGY.CODE_ALLERGY.8881073137";"ambuside"
"ALLERGY.CODE_ALLERGY.8881073138";"procaïne"
"ALLERGY.CODE_ALLERGY.8881073139";"phényléphrine"
"ALLERGY.CODE_ALLERGY.8881073140";"nickel sulfate"
"ALLERGY.CODE_ALLERGY.8881073141";"lévomépromazine"
"ALLERGY.CODE_ALLERGY.8881073142";"losartan"
"ALLERGY.CODE_ALLERGY.8881073143";"lysine ascorbate"
"ALLERGY.CODE_ALLERGY.8881073144";"immunoglobulines de cheval"
"ALLERGY.CODE_ALLERGY.8881073145";"homochlorcyclizine chlorhydrate"
"ALLERGY.CODE_ALLERGY.8881073146";"hydroxocobalamine chlorhydrate"
"ALLERGY.CODE_ALLERGY.8881073147";"hydroxyéthylamidon 240 000"
"ALLERGY.CODE_ALLERGY.8881073148";"ibuprofène sodique"
"ALLERGY.CODE_ALLERGY.8881073149";"éthylméthoxysalicylate"
"ALLERGY.CODE_ALLERGY.8881073150";"étofénamate"
"ALLERGY.CODE_ALLERGY.8881073151";"fenbufène"
"ALLERGY.CODE_ALLERGY.8881073152";"cotrimoxazole (sulfaméthoxazole - triméthoprime)"
"ALLERGY.CODE_ALLERGY.8881073153";"fer pyrophosphate citrate ammoniacal"
"ALLERGY.CODE_ALLERGY.8881073154";"carbaryl"
"ALLERGY.CODE_ALLERGY.8881073155";"carbinoxamine maléate"
"ALLERGY.CODE_ALLERGY.8881073156";"fipexide chlorhydrate"
"ALLERGY.CODE_ALLERGY.8881073157";"daclizumab"
"ALLERGY.CODE_ALLERGY.8881073158";"déméclocycline"
"ALLERGY.CODE_ALLERGY.8881073159";"bromazine chlorhydrate"
"ALLERGY.CODE_ALLERGY.8881073160";"xénytropium bromure"
"ALLERGY.CODE_ALLERGY.8881073161";"xipamide"
"ALLERGY.CODE_ALLERGY.8881073162";"zipéprol"
"ALLERGY.CODE_ALLERGY.8881073163";"zomépirac sodique"
"ALLERGY.CODE_ALLERGY.8881073164";"sulfanilamide"
"ALLERGY.CODE_ALLERGY.8881073165";"sulfathiazol"
"ALLERGY.CODE_ALLERGY.8881073166";"testostérone cyclohexylméthylcarbonate"
"ALLERGY.CODE_ALLERGY.8881073167";"testostérone phénylpropionate"
"ALLERGY.CODE_ALLERGY.8881073168";"thénalidine tartrate"
"ALLERGY.CODE_ALLERGY.8881073169";"thiazinamium méthylsulfate"
"ALLERGY.CODE_ALLERGY.8881073170";"thiéthylpérazine dimaléate"
"ALLERGY.CODE_ALLERGY.8881073171";"thiomersal sel de monoéthanolamine solution"
"ALLERGY.CODE_ALLERGY.8881073172";"tiémonium iodure"
"ALLERGY.CODE_ALLERGY.8881073173";"trifluopérazine chlorhydrate"
"ALLERGY.CODE_ALLERGY.8881073174";"trimétrexate glucuronate"
"ALLERGY.CODE_ALLERGY.8881073175";"tubocurarine chlorure"
"ALLERGY.CODE_ALLERGY.8881073176";"sodium acétylsalicylate - carbonate monosodique"
"ALLERGY.CODE_ALLERGY.8881073177";"muromonab-CD3"
"ALLERGY.CODE_ALLERGY.8881073178";"phénylbutazone ester triméthylgallique"
"ALLERGY.CODE_ALLERGY.8881073179";"sodium gentisate"
"ALLERGY.CODE_ALLERGY.8881073180";"néomycine"
"ALLERGY.CODE_ALLERGY.8881073181";"nétilmicine sulfate"
"ALLERGY.CODE_ALLERGY.8881073182";"niaprazine"
"ALLERGY.CODE_ALLERGY.8881073183";"nicotinamide ascorbate"
"ALLERGY.CODE_ALLERGY.8881073184";"pimécrolimus"
"ALLERGY.CODE_ALLERGY.8881073185";"pranoprofène"
"ALLERGY.CODE_ALLERGY.8881073186";"nifurtimox"
"ALLERGY.CODE_ALLERGY.8881073187";"nimésulide"
"ALLERGY.CODE_ALLERGY.8881073188";"prochlorpérazine mésilate"
"ALLERGY.CODE_ALLERGY.8881073189";"prométhazine embonate"
"ALLERGY.CODE_ALLERGY.8881073190";"oeuf phospholipides"
"ALLERGY.CODE_ALLERGY.8881073191";"propyromazine bromure"
"ALLERGY.CODE_ALLERGY.8881073192";"proxibarbal"
"ALLERGY.CODE_ALLERGY.8881073193";"proxymétacaïne chlorhydrate"
"ALLERGY.CODE_ALLERGY.8881073194";"pyréthrine"
"ALLERGY.CODE_ALLERGY.8881073195";"succinate ferreux anhydre"
"ALLERGY.CODE_ALLERGY.8881073196";"sulfaguanidine"
"ALLERGY.CODE_ALLERGY.8881073197";"sulfamérazine sodique"
"ALLERGY.CODE_ALLERGY.8881073198";"sulfamétrole"
"ALLERGY.CODE_ALLERGY.8881073199";"isépamicine sulfate"
"ALLERGY.CODE_ALLERGY.8881073200";"quinine ascorbate"
"ALLERGY.CODE_ALLERGY.8881073201";"maprotiline résinate"
"ALLERGY.CODE_ALLERGY.8881073202";"ispaghul graine mucilage"
"ALLERGY.CODE_ALLERGY.8881073203";"rauwolfine aspartate"
"ALLERGY.CODE_ALLERGY.8881073204";"rauwolfine chlorhydrate"
"ALLERGY.CODE_ALLERGY.8881073205";"kébuzone"
"ALLERGY.CODE_ALLERGY.8881073206";"mébendazole"
"ALLERGY.CODE_ALLERGY.8881073207";"médibazine dichlorhydrate"
"ALLERGY.CODE_ALLERGY.8881073208";"médronate de sodium"
"ALLERGY.CODE_ALLERGY.8881073209";"médrysone"
"ALLERGY.CODE_ALLERGY.8881073210";"lactose 80 M"
"ALLERGY.CODE_ALLERGY.8881073211";"menthe arvensis"
"ALLERGY.CODE_ALLERGY.8881073212";"menthe essence : solution alcoolique"
"ALLERGY.CODE_ALLERGY.8881073213";"oxprénolol chlorhydrate"
"ALLERGY.CODE_ALLERGY.8881073214";"oxyphenbutazone"
"ALLERGY.CODE_ALLERGY.8881073215";"lauromacrogol 360"
"ALLERGY.CODE_ALLERGY.8881073216";"menthol racémique"
"ALLERGY.CODE_ALLERGY.8881073217";"p-aminosalicylate aluminocalcique"
"ALLERGY.CODE_ALLERGY.8881073218";"lévofolinate disodique"
"ALLERGY.CODE_ALLERGY.8881073219";"lévosalbutamol"
"ALLERGY.CODE_ALLERGY.8881073220";"saccharose monopalmitate"
"ALLERGY.CODE_ALLERGY.8881073221";"méthazolamide"
"ALLERGY.CODE_ALLERGY.8881073222";"pargévérine chlorhydrate"
"ALLERGY.CODE_ALLERGY.8881073223";"paromomycine sulfate"
"ALLERGY.CODE_ALLERGY.8881073224";"pasiniazide"
"ALLERGY.CODE_ALLERGY.8881073225";"lithium benzoate"
"ALLERGY.CODE_ALLERGY.8881073226";"lithium bromure"
"ALLERGY.CODE_ALLERGY.8881073227";"sauge feuille"
"ALLERGY.CODE_ALLERGY.8881073228";"pempidine tartrate"
"ALLERGY.CODE_ALLERGY.8881073229";"pergolide mésilate"
"ALLERGY.CODE_ALLERGY.8881073230";"macrogol 1540 stéarate"
"ALLERGY.CODE_ALLERGY.8881073231";"macrogol 2000 stéarate"
"ALLERGY.CODE_ALLERGY.8881073232";"macrogol 20 éther cétostéarylique"
"ALLERGY.CODE_ALLERGY.8881073233";"mofébutazone"
"ALLERGY.CODE_ALLERGY.8881073234";"phénazone gentisate"
"ALLERGY.CODE_ALLERGY.8881073235";"phénazone salicylate"
"ALLERGY.CODE_ALLERGY.8881073236";"phénoxyméthylpénicilline benzathine"
"ALLERGY.CODE_ALLERGY.8881073237";"macrogol 25 éther cétostéarylique"
"ALLERGY.CODE_ALLERGY.8881073238";"macrogol 300"
"ALLERGY.CODE_ALLERGY.8881073239";"macrogol 6000"
"ALLERGY.CODE_ALLERGY.8881073240";"macrogol 6000 palmitostéarate"
"ALLERGY.CODE_ALLERGY.8881073241";"macrogol 7 glycérol cocoate"
"ALLERGY.CODE_ALLERGY.8881073242";"macrogol 800"
"ALLERGY.CODE_ALLERGY.8881073243";"macrogol 8000"
"ALLERGY.CODE_ALLERGY.8881073244";"macrogol éther cétostéarylique"
"ALLERGY.CODE_ALLERGY.8881073245";"macrogol éther oléocétylique"
"ALLERGY.CODE_ALLERGY.8881073246";"macrogol glycérides stéariques"
"ALLERGY.CODE_ALLERGY.8881073247";"acide flufénamique"
"ALLERGY.CODE_ALLERGY.8881073248";"17-bêta-estradiol"
"ALLERGY.CODE_ALLERGY.8881073249";"acéprométazine"
"ALLERGY.CODE_ALLERGY.8881073250";"acéprométazine maléate"
"ALLERGY.CODE_ALLERGY.8881073251";"acide acétylorthocrésotinique"
"ALLERGY.CODE_ALLERGY.8881073252";"acide alloxanique complexe ferrico-sodique"
"ALLERGY.CODE_ALLERGY.8881073253";"acide clavulanique"
"ALLERGY.CODE_ALLERGY.8881073254";"aprobarbital"
"ALLERGY.CODE_ALLERGY.8881073255";"artichaut extrait fluide"
"ALLERGY.CODE_ALLERGY.8881073256";"artichaut feuille séchée extrait sec aqueux"
"ALLERGY.CODE_ALLERGY.8881073257";"atropine oxyde chlorhydrate"
"ALLERGY.CODE_ALLERGY.8881073258";"aubépine baie extrait fluide hydroalcoolique"
"ALLERGY.CODE_ALLERGY.8881073259";"aubépine sommité fleurie extrait"
"ALLERGY.CODE_ALLERGY.8881073260";"aubépine sommité fleurie extrait fluide hydroalcoolique"
"ALLERGY.CODE_ALLERGY.8881073261";"aubépine sommité fleurie extrait sec aqueux"
"ALLERGY.CODE_ALLERGY.8881073262";"bénéthamine benzylpénicilline"
"ALLERGY.CODE_ALLERGY.8881073263";"benfotiamine"
"ALLERGY.CODE_ALLERGY.8881073264";"bentiamine laurylsulfate"
"ALLERGY.CODE_ALLERGY.8881073265";"bétaïne aspartate"
"ALLERGY.CODE_ALLERGY.8881073266";"carboprost trométamol"
"ALLERGY.CODE_ALLERGY.8881073267";"carsalam"
"ALLERGY.CODE_ALLERGY.8881073268";"chlorbenzoxamine dichlorhydrate"
"ALLERGY.CODE_ALLERGY.8881073269";"chlorhexidine chlorhydrate"
"ALLERGY.CODE_ALLERGY.8881073270";"chloroquine gentisate"
"ALLERGY.CODE_ALLERGY.8881073271";"céfalexine"
"ALLERGY.CODE_ALLERGY.8881073272";"céfotiam dichlorhydrate"
"ALLERGY.CODE_ALLERGY.8881073273";"cloxacilline"
"ALLERGY.CODE_ALLERGY.8881073274";"collagène équin"
"ALLERGY.CODE_ALLERGY.8881073275";"cinoxacine"
"ALLERGY.CODE_ALLERGY.8881073276";"citicoline"
"ALLERGY.CODE_ALLERGY.8881073277";"clométocilline potassique"
"ALLERGY.CODE_ALLERGY.8881073278";"distigmine bromure "
"ALLERGY.CODE_ALLERGY.8881073279";"disulfamide"
"ALLERGY.CODE_ALLERGY.8881073280";"dixyrazine"
"ALLERGY.CODE_ALLERGY.8881073281";"doxycycline"
"ALLERGY.CODE_ALLERGY.8881073282";"doxycycline fosfatex"
"ALLERGY.CODE_ALLERGY.8881073283";"dexaméthasone tébutate"
"ALLERGY.CODE_ALLERGY.8881073284";"dextropropoxyphène"
"ALLERGY.CODE_ALLERGY.8881073285";"dihydrostreptomycine pantothénate"
"ALLERGY.CODE_ALLERGY.8881073286";"dihydrostreptomycine sulfate"
"ALLERGY.CODE_ALLERGY.8881073287";"dihydrotachystérol"
"ALLERGY.CODE_ALLERGY.8881073288";"épicilline sel de Na"
"ALLERGY.CODE_ALLERGY.8881073289";"estradiol énantate"
"ALLERGY.CODE_ALLERGY.8881073290";"ginseng"
"ALLERGY.CODE_ALLERGY.8881073291";"fructose sirop"
"ALLERGY.CODE_ALLERGY.8881073292";"gadofosvéset trisodique"
"ALLERGY.CODE_ALLERGY.8881073293";"gentamicine sulfate anhydre"
"ALLERGY.CODE_ALLERGY.8881073294";"hamamélis"
"ALLERGY.CODE_ALLERGY.8881073295";"hamamélis de Virginie feuille extrait"
"ALLERGY.CODE_ALLERGY.8881073296";"hexapropymate"
"ALLERGY.CODE_ALLERGY.8881073297";"kétorolac"
"ALLERGY.CODE_ALLERGY.8881073298";"zofénopril"
"ALLERGY.CODE_ALLERGY.8881073299";"sévélamer"
"ALLERGY.CODE_ALLERGY.8881073300";"acide métiazinique"
"ALLERGY.CODE_ALLERGY.8881073301";"acide protizinique"
"ALLERGY.CODE_ALLERGY.8881073302";"acide zolédronique"
"ALLERGY.CODE_ALLERGY.8881073303";"acranil"
"ALLERGY.CODE_ALLERGY.8881073304";"spectinomycine dichlorhydrate"
"ALLERGY.CODE_ALLERGY.8881073305";"aloxiprine"
"ALLERGY.CODE_ALLERGY.8881073306";"ambutonium bromure"
"ALLERGY.CODE_ALLERGY.8881073307";"péfloxacine mésilate"
"ALLERGY.CODE_ALLERGY.8881073308";"pilocarpine"
"ALLERGY.CODE_ALLERGY.8881073309";"méropénem"
"ALLERGY.CODE_ALLERGY.8881073310";"imipénem"
"ALLERGY.CODE_ALLERGY.8881073311";"indoramine chlorhydrate"
"ALLERGY.CODE_ALLERGY.8881073312";"hydralazine chlorhydrate"
"ALLERGY.CODE_ALLERGY.8881073313";"hydrobentizide"
"ALLERGY.CODE_ALLERGY.8881073314";"hydrocortisone phosphate sodique "
"ALLERGY.CODE_ALLERGY.8881073315";"hydroxyzine embonate"
"ALLERGY.CODE_ALLERGY.8881073316";"igovomab"
"ALLERGY.CODE_ALLERGY.8881073317";"bumadizone"
"ALLERGY.CODE_ALLERGY.8881073318";"étidocaïne chlorhydrate"
"ALLERGY.CODE_ALLERGY.8881073319";"fentiazac"
"ALLERGY.CODE_ALLERGY.8881073320";"crilanomère"
"ALLERGY.CODE_ALLERGY.8881073321";"fer iodate"
"ALLERGY.CODE_ALLERGY.8881073322";"ferumoxsil"
"ALLERGY.CODE_ALLERGY.8881073323";"fluorométholone acétate"
"ALLERGY.CODE_ALLERGY.8881073324";"dabrafénib"
"ALLERGY.CODE_ALLERGY.8881073325";"bromhexine"
"ALLERGY.CODE_ALLERGY.8881073326";"bromindione"
"ALLERGY.CODE_ALLERGY.8881073327";"bromocholine bromure"
"ALLERGY.CODE_ALLERGY.8881073328";"brompéridol"
"ALLERGY.CODE_ALLERGY.8881073329";"vert brillant"
"ALLERGY.CODE_ALLERGY.8881073330";"virginiamycine"
"ALLERGY.CODE_ALLERGY.8881073331";"ximélagatran"
"ALLERGY.CODE_ALLERGY.8881073332";"sulfure mercurique"
"ALLERGY.CODE_ALLERGY.8881073333";"téclothiazide sel de potassium"
"ALLERGY.CODE_ALLERGY.8881073334";"terfénadine"
"ALLERGY.CODE_ALLERGY.8881073335";"testostérone isocaproate"
"ALLERGY.CODE_ALLERGY.8881073336";"tétraméthrine"
"ALLERGY.CODE_ALLERGY.8881073337";"thiamine dicamsilate"
"ALLERGY.CODE_ALLERGY.8881073338";"thiamine disulfure"
"ALLERGY.CODE_ALLERGY.8881073339";"thiéthylpérazine"
"ALLERGY.CODE_ALLERGY.8881073340";"thiomersal sel de monoéthanolamine"
"ALLERGY.CODE_ALLERGY.8881073341";"thiopropérazine dimésilate"
"ALLERGY.CODE_ALLERGY.8881073342";"trastuzumab emtansine"
"ALLERGY.CODE_ALLERGY.8881073343";"uréthane"
"ALLERGY.CODE_ALLERGY.8881073344";"valdécoxib"
"ALLERGY.CODE_ALLERGY.8881073345";"sodium acétylsalicylate"
"ALLERGY.CODE_ALLERGY.8881073346";"phosphorylcholine sel de Ca"
"ALLERGY.CODE_ALLERGY.8881073347";"phosphorylcholine sel de Mg"
"ALLERGY.CODE_ALLERGY.8881073348";"néostigmine bromure"
"ALLERGY.CODE_ALLERGY.8881073349";"nickel chlorure"
"ALLERGY.CODE_ALLERGY.8881073350";"pipébuzone"
"ALLERGY.CODE_ALLERGY.8881073351";"nifurzide"
"ALLERGY.CODE_ALLERGY.8881073352";"N-méthyl-8-hydroxyquinoline méthylsulfate"
"ALLERGY.CODE_ALLERGY.8881073353";"profénamine chlorhydrate"
"ALLERGY.CODE_ALLERGY.8881073354";"propamidine"
"ALLERGY.CODE_ALLERGY.8881073355";"pitavastatine"
"ALLERGY.CODE_ALLERGY.8881073356";"pitofénone chlorhydrate"
"ALLERGY.CODE_ALLERGY.8881073357";"pixantrone"
"ALLERGY.CODE_ALLERGY.8881073358";"poisson gélatine"
"ALLERGY.CODE_ALLERGY.8881073359";"propanthéline bromure"
"ALLERGY.CODE_ALLERGY.8881073360";"oléandomycine phosphate"
"ALLERGY.CODE_ALLERGY.8881073361";"sulésomab"
"ALLERGY.CODE_ALLERGY.8881073362";"sulfacarbamide"
"ALLERGY.CODE_ALLERGY.8881073363";"sulfacétamide sodique"
"ALLERGY.CODE_ALLERGY.8881073364";"manganèse salicylate"
"ALLERGY.CODE_ALLERGY.8881073365";"raubasine"
"ALLERGY.CODE_ALLERGY.8881073366";"rauwolfia serpentina alcaloides totaux"
"ALLERGY.CODE_ALLERGY.8881073367";"rauwolfine"
"ALLERGY.CODE_ALLERGY.8881073368";"orphénadrine chlorhydrate"
"ALLERGY.CODE_ALLERGY.8881073369";"kétoprofène sodique"
"ALLERGY.CODE_ALLERGY.8881073370";"resméthrine"
"ALLERGY.CODE_ALLERGY.8881073371";"lait écrém"
"ALLERGY.CODE_ALLERGY.8881073372";"ribonucléate ferrique"
"ALLERGY.CODE_ALLERGY.8881073373";"rimantadine chlorhydrate"
"ALLERGY.CODE_ALLERGY.8881073374";"menthe alcoolique"
"ALLERGY.CODE_ALLERGY.8881073375";"menthe essence soluble"
"ALLERGY.CODE_ALLERGY.8881073376";"oxétacaïne"
"ALLERGY.CODE_ALLERGY.8881073377";"oxyde mercurique jaune"
"ALLERGY.CODE_ALLERGY.8881073378";"oxydipentonium chlorure"
"ALLERGY.CODE_ALLERGY.8881073379";"oxyfénamate"
"ALLERGY.CODE_ALLERGY.8881073380";"latamoxef disodique"
"ALLERGY.CODE_ALLERGY.8881073381";"lauromacrogol"
"ALLERGY.CODE_ALLERGY.8881073382";"menthe verte essence"
"ALLERGY.CODE_ALLERGY.8881073383";"menthol"
"ALLERGY.CODE_ALLERGY.8881073384";"menthol synthétique"
"ALLERGY.CODE_ALLERGY.8881073385";"menthyle salicylate"
"ALLERGY.CODE_ALLERGY.8881073386";"mercure cyanure"
"ALLERGY.CODE_ALLERGY.8881073387";"palmitate d'ascorbyle"
"ALLERGY.CODE_ALLERGY.8881073388";"lévosalbutamol tartrate"
"ALLERGY.CODE_ALLERGY.8881073389";"mésulfamide sel de Na"
"ALLERGY.CODE_ALLERGY.8881073390";"metformine p-chlorophénoxyacétate"
"ALLERGY.CODE_ALLERGY.8881073391";"méthacholine chlorure"
"ALLERGY.CODE_ALLERGY.8881073392";"paréthoxycaïne chlorhydrate"
"ALLERGY.CODE_ALLERGY.8881073393";"lidoflazine"
"ALLERGY.CODE_ALLERGY.8881073394";"lithium chlorure"
"ALLERGY.CODE_ALLERGY.8881073395";"méthylrosanilinium chlorure"
"ALLERGY.CODE_ALLERGY.8881073396";"pénimocycline"
"ALLERGY.CODE_ALLERGY.8881073397";"sécobarbital"
"ALLERGY.CODE_ALLERGY.8881073398";"mikamycine"
"ALLERGY.CODE_ALLERGY.8881073399";"lumiracoxib"
"ALLERGY.CODE_ALLERGY.8881073400";"macrogol 2500"
"ALLERGY.CODE_ALLERGY.8881073401";"phénindione"
"ALLERGY.CODE_ALLERGY.8881073402";"phenprocoumone"
"ALLERGY.CODE_ALLERGY.8881073403";"phensuximide"
"ALLERGY.CODE_ALLERGY.8881073404";"macrogol 40"
"ALLERGY.CODE_ALLERGY.8881073405";"macrogol 400"
"ALLERGY.CODE_ALLERGY.8881073406";"macrogol 600"
"ALLERGY.CODE_ALLERGY.8881073407";"macrogol 6000 stéarate"
"ALLERGY.CODE_ALLERGY.8881073408";"macrogol laurylsulfonate"
"ALLERGY.CODE_ALLERGY.8881073409";"macrogol monooléate"
"ALLERGY.CODE_ALLERGY.8881073410";"macrogol oléate"
"ALLERGY.CODE_ALLERGY.8881073411";"acéfylline pipérazine"
"ALLERGY.CODE_ALLERGY.8881073412";"acide sulfosalicylique sel disodique"
"ALLERGY.CODE_ALLERGY.8881073413";"bacampicilline chlorhydrate"
"ALLERGY.CODE_ALLERGY.8881073414";"bémétizide"
"ALLERGY.CODE_ALLERGY.8881073415";"atropine"
"ALLERGY.CODE_ALLERGY.8881073416";"aubépine fleur et feuille"
"ALLERGY.CODE_ALLERGY.8881073417";"aurine ammonium tricarboxylate"
"ALLERGY.CODE_ALLERGY.8881073418";"benzéthonium chlorure"
"ALLERGY.CODE_ALLERGY.8881073419";"benzilonium bromure"
"ALLERGY.CODE_ALLERGY.8881073420";"benzonatate"
"ALLERGY.CODE_ALLERGY.8881073421";"benzthiazide"
"ALLERGY.CODE_ALLERGY.8881073422";"béphénium hydroxynaphtoate"
"ALLERGY.CODE_ALLERGY.8881073423";"bleu patenté V laque"
"ALLERGY.CODE_ALLERGY.8881073424";"carbosalicylate d'éthyle"
"ALLERGY.CODE_ALLERGY.8881073425";"céfixime anhydre"
"ALLERGY.CODE_ALLERGY.8881073426";"cefminox sodique"
"ALLERGY.CODE_ALLERGY.8881073427";"cefpirome sulfate"
"ALLERGY.CODE_ALLERGY.8881073428";"cétomacrogol"
"ALLERGY.CODE_ALLERGY.8881073429";"clopérastine fendizoate "
"ALLERGY.CODE_ALLERGY.8881073430";"cloxacilline sodique"
"ALLERGY.CODE_ALLERGY.8881073431";"colchicine"
"ALLERGY.CODE_ALLERGY.8881073432";"chlorure mercurique"
"ALLERGY.CODE_ALLERGY.8881073433";"cilazapril anhydre"
"ALLERGY.CODE_ALLERGY.8881073434";"cire émusionnable non ionique au cétomacrogol 1000"
"ALLERGY.CODE_ALLERGY.8881073435";"clindamycine chlorhydrate de palmitate"
"ALLERGY.CODE_ALLERGY.8881073436";"dl-alpha-tocophérol palmitate"
"ALLERGY.CODE_ALLERGY.8881073437";"doripénem"
"ALLERGY.CODE_ALLERGY.8881073438";"dextran"
"ALLERGY.CODE_ALLERGY.8881073439";"dichlorisone acétate"
"ALLERGY.CODE_ALLERGY.8881073440";"émylcamate"
"ALLERGY.CODE_ALLERGY.8881073441";"énoxacine anhydre"
"ALLERGY.CODE_ALLERGY.8881073442";"ergométrine maléate"
"ALLERGY.CODE_ALLERGY.8881073443";"érythromycine stéarate"
"ALLERGY.CODE_ALLERGY.8881073444";"estradiol diundécylate"
"ALLERGY.CODE_ALLERGY.8881073445";"estradiol hexahydrobenzoate"
"ALLERGY.CODE_ALLERGY.8881073446";"ginseng extrait"
"ALLERGY.CODE_ALLERGY.8881073447";"furtréthonium iodure"
"ALLERGY.CODE_ALLERGY.8881073448";"gatifloxacine"
"ALLERGY.CODE_ALLERGY.8881073449";"gemtuzumab ozogamicine"
"ALLERGY.CODE_ALLERGY.8881073450";"gentamicine"
"ALLERGY.CODE_ALLERGY.8881073451";"glycopyrronium bromure"
"ALLERGY.CODE_ALLERGY.8881073452";"insuline d'origine bovine"
"ALLERGY.CODE_ALLERGY.8881073453";"interféron alfa-2a humain recombinant"
"ALLERGY.CODE_ALLERGY.8881073454";"acide ibandronique sel monosodique"
"ALLERGY.CODE_ALLERGY.8881073455";"sodium p-aminosalicylate"
"ALLERGY.CODE_ALLERGY.8881073456";"acide oxolinique"
"ALLERGY.CODE_ALLERGY.8881073457";"somatostatine acétate"
"ALLERGY.CODE_ALLERGY.8881073458";"adrénaline bitartrate"
"ALLERGY.CODE_ALLERGY.8881073459";"alcuronium chlorure"
"ALLERGY.CODE_ALLERGY.8881073460";"alprénolol chlorhydrate"
"ALLERGY.CODE_ALLERGY.8881073461";"aluminium acétylsalicylate"
"ALLERGY.CODE_ALLERGY.8881073462";"amifostine anhydre"
"ALLERGY.CODE_ALLERGY.8881073463";"amodiaquine"
"ALLERGY.CODE_ALLERGY.8881073464";"amodiaquine chlorhydrate"
"ALLERGY.CODE_ALLERGY.8881073465";"amoxydramine camsilate"
"ALLERGY.CODE_ALLERGY.8881073466";"amyléine"
"ALLERGY.CODE_ALLERGY.8881073467";"palipéridone"
"ALLERGY.CODE_ALLERGY.8881073468";"lisuride maléate"
"ALLERGY.CODE_ALLERGY.8881073469";"indométacine sodique"
"ALLERGY.CODE_ALLERGY.8881073470";"homochlorcyclizine"
"ALLERGY.CODE_ALLERGY.8881073471";"hydrocortisone butyrate"
"ALLERGY.CODE_ALLERGY.8881073472";"hydroxy-8 N-méthyl quinoléinium métilsulfate"
"ALLERGY.CODE_ALLERGY.8881073473";"hydroxyéthylamidon 250 000"
"ALLERGY.CODE_ALLERGY.8881073474";"butobarbital"
"ALLERGY.CODE_ALLERGY.8881073475";"calcifédiol"
"ALLERGY.CODE_ALLERGY.8881073476";"étipirium iodure"
"ALLERGY.CODE_ALLERGY.8881073477";"complexe succinate ferreux-protéine"
"ALLERGY.CODE_ALLERGY.8881073478";"fenpivérinium bromure"
"ALLERGY.CODE_ALLERGY.8881073479";"fépradinol"
"ALLERGY.CODE_ALLERGY.8881073480";"fer colloïdal"
"ALLERGY.CODE_ALLERGY.8881073481";"carbazochrome"
"ALLERGY.CODE_ALLERGY.8881073482";"fluocortolone"
"ALLERGY.CODE_ALLERGY.8881073483";"fluphénazine dichlorhydrate"
"ALLERGY.CODE_ALLERGY.8881073484";"flurbiprofène sel de Na"
"ALLERGY.CODE_ALLERGY.8881073485";"déqualinium chlorure"
"ALLERGY.CODE_ALLERGY.8881073486";"brompéridol décanoate"
"ALLERGY.CODE_ALLERGY.8881073487";"vert malachite"
"ALLERGY.CODE_ALLERGY.8881073488";"vert sulfo J"
"ALLERGY.CODE_ALLERGY.8881073489";"vinylbital"
"ALLERGY.CODE_ALLERGY.8881073490";"viquidil chlorhydrate"
"ALLERGY.CODE_ALLERGY.8881073491";"sulfinpyrazone"
"ALLERGY.CODE_ALLERGY.8881073492";"sultiame"
"ALLERGY.CODE_ALLERGY.8881073493";"testostérone acétate"
"ALLERGY.CODE_ALLERGY.8881073494";"tétracycline phosphate"
"ALLERGY.CODE_ALLERGY.8881073495";"tétradonium bromure"
"ALLERGY.CODE_ALLERGY.8881073496";"tétryzoline"
"ALLERGY.CODE_ALLERGY.8881073497";"thioridazine chlorhydrate"
"ALLERGY.CODE_ALLERGY.8881073498";"tolmétine sel de Na"
"ALLERGY.CODE_ALLERGY.8881073499";"triamcinolone acétonide hémisuccinate"
"ALLERGY.CODE_ALLERGY.8881073500";"trolamine caprylate"
"ALLERGY.CODE_ALLERGY.8881073501";"phényléphrine et méglumine héparinate"
"ALLERGY.CODE_ALLERGY.8881073502";"phénylmercure borate"
"ALLERGY.CODE_ALLERGY.8881073503";"pholcodine chlorhydrate"
"ALLERGY.CODE_ALLERGY.8881073504";"pholcodine phénylacétate"
"ALLERGY.CODE_ALLERGY.8881073505";"polymyxine"
"ALLERGY.CODE_ALLERGY.8881073506";"nadoxolol chlorhydrate"
"ALLERGY.CODE_ALLERGY.8881073507";"p-hydroxybenzoate d'isobutyle"
"ALLERGY.CODE_ALLERGY.8881073508";"sodium p-aminosalicylate anhydre"
"ALLERGY.CODE_ALLERGY.8881073509";"nifuratel"
"ALLERGY.CODE_ALLERGY.8881073510";"piprocurarium iodure"
"ALLERGY.CODE_ALLERGY.8881073511";"pirarubicine"
"ALLERGY.CODE_ALLERGY.8881073512";"promazine chlorhydrate"
"ALLERGY.CODE_ALLERGY.8881073513";"prométhazine téoclate"
"ALLERGY.CODE_ALLERGY.8881073514";"propacétamol chlorhydrate"
"ALLERGY.CODE_ALLERGY.8881073515";"sparfloxacine"
"ALLERGY.CODE_ALLERGY.8881073516";"propranolol phényléthylbarbiturate"
"ALLERGY.CODE_ALLERGY.8881073517";"protéines de poulet"
"ALLERGY.CODE_ALLERGY.8881073518";"proxifézone"
"ALLERGY.CODE_ALLERGY.8881073519";"succinylsulfathiazol"
"ALLERGY.CODE_ALLERGY.8881073520";"succinylsulfathiazol dibismuthique"
"ALLERGY.CODE_ALLERGY.8881073521";"sulfalène"
"ALLERGY.CODE_ALLERGY.8881073522";"sulfamérazine"
"ALLERGY.CODE_ALLERGY.8881073523";"opipramol dichlorhydrate"
"ALLERGY.CODE_ALLERGY.8881073524";"ispaghul graine hémicellulose"
"ALLERGY.CODE_ALLERGY.8881073525";"kanamycine sulfate"
"ALLERGY.CODE_ALLERGY.8881073526";"mébutizide"
"ALLERGY.CODE_ALLERGY.8881073527";"menthe feuille"
"ALLERGY.CODE_ALLERGY.8881073528";"menthe poivrée essence naturelle"
"ALLERGY.CODE_ALLERGY.8881073529";"lauralkonium chlorure"
"ALLERGY.CODE_ALLERGY.8881073530";"rufloxacine chlorhydrate"
"ALLERGY.CODE_ALLERGY.8881073531";"mercure oxycyanure"
"ALLERGY.CODE_ALLERGY.8881073532";"lévomépromazine embonate"
"ALLERGY.CODE_ALLERGY.8881073533";"salicylate de phénylpropyle"
"ALLERGY.CODE_ALLERGY.8881073534";"méthénamine mandélate"
"ALLERGY.CODE_ALLERGY.8881073535";"pargévérine"
"ALLERGY.CODE_ALLERGY.8881073536";"sauge"
"ALLERGY.CODE_ALLERGY.8881073537";"sauge sclarée huile"
"ALLERGY.CODE_ALLERGY.8881073538";"pénimépicycline"
"ALLERGY.CODE_ALLERGY.8881073539";"lithium saccharinate"
"ALLERGY.CODE_ALLERGY.8881073540";"lividomycine sulfate"
"ALLERGY.CODE_ALLERGY.8881073541";"lofépramine chlorhydrate"
"ALLERGY.CODE_ALLERGY.8881073542";"métixène chlorhydrate"
"ALLERGY.CODE_ALLERGY.8881073543";"pepsine d'origine porcine"
"ALLERGY.CODE_ALLERGY.8881073544";"macrogol 100 stéarate"
"ALLERGY.CODE_ALLERGY.8881073545";"macrogol 1350"
"ALLERGY.CODE_ALLERGY.8881073546";"macrogol 250"
"ALLERGY.CODE_ALLERGY.8881073547";"mopérone chlorhydrate"
"ALLERGY.CODE_ALLERGY.8881073548";"phénoxyméthylpénicilline calcique"
"ALLERGY.CODE_ALLERGY.8881073549";"macrogol 250 oléate"
"ALLERGY.CODE_ALLERGY.8881073550";"macrogol 3000"
"ALLERGY.CODE_ALLERGY.8881073551";"macrogol 300 distéarate"
"ALLERGY.CODE_ALLERGY.8881073552";"macrogol 600 mono et distéarate"
"ALLERGY.CODE_ALLERGY.8881073553";"macrogol distéarate"
"ALLERGY.CODE_ALLERGY.8881073554";"macrogol éther laurique"
"ALLERGY.CODE_ALLERGY.8881073555";"macrogol glycérides oléiques"
"ALLERGY.CODE_ALLERGY.8881073556";"acide dihydroxyferrigluconique"
"ALLERGY.CODE_ALLERGY.8881073557";"acétaminosalol"
"ALLERGY.CODE_ALLERGY.8881073558";"acide ascorbique sel de K"
"ALLERGY.CODE_ALLERGY.8881073559";"acide gentisique"
"ALLERGY.CODE_ALLERGY.8881073560";"azithromycine"
"ALLERGY.CODE_ALLERGY.8881073561";"barbital"
"ALLERGY.CODE_ALLERGY.8881073562";"béclométasone salicylate"
"ALLERGY.CODE_ALLERGY.8881073563";"bémégride"
"ALLERGY.CODE_ALLERGY.8881073564";"aubépine extrait"
"ALLERGY.CODE_ALLERGY.8881073565";"aubépine extrait hydroalcoolique"
"ALLERGY.CODE_ALLERGY.8881073566";"aubépine extrait mou aqueux"
"ALLERGY.CODE_ALLERGY.8881073567";"aubépine extrait sec mou"
"ALLERGY.CODE_ALLERGY.8881073568";"bénoxaprofène"
"ALLERGY.CODE_ALLERGY.8881073569";"benzododécinium bromure solution"
"ALLERGY.CODE_ALLERGY.8881073570";"benzoxonium chlorure"
"ALLERGY.CODE_ALLERGY.8881073571";"benzylpénicilline"
"ALLERGY.CODE_ALLERGY.8881073572";"benzylpénicilline sel de K"
"ALLERGY.CODE_ALLERGY.8881073573";"berbérine chlorure"
"ALLERGY.CODE_ALLERGY.8881073574";"bétaïne ascorbate"
"ALLERGY.CODE_ALLERGY.8881073575";"béthanechol chlorure"
"ALLERGY.CODE_ALLERGY.8881073576";"bibenzonium bromure"
"ALLERGY.CODE_ALLERGY.8881073577";"carzénide"
"ALLERGY.CODE_ALLERGY.8881073578";"chloramidure mercurique"
"ALLERGY.CODE_ALLERGY.8881073579";"céfacétrile sel de Na"
"ALLERGY.CODE_ALLERGY.8881073580";"céfadroxil anhydre"
"ALLERGY.CODE_ALLERGY.8881073581";"céfapirine sel de Na"
"ALLERGY.CODE_ALLERGY.8881073582";"céfonicide sel de Na"
"ALLERGY.CODE_ALLERGY.8881073583";"cefprozil"
"ALLERGY.CODE_ALLERGY.8881073584";"ceftazidime"
"ALLERGY.CODE_ALLERGY.8881073585";"ceftibutène"
"ALLERGY.CODE_ALLERGY.8881073586";"cétrimonium chlorure"
"ALLERGY.CODE_ALLERGY.8881073587";"chiniofon"
"ALLERGY.CODE_ALLERGY.8881073588";"clopérastine chlorhydrate"
"ALLERGY.CODE_ALLERGY.8881073589";"cocarboxylase"
"ALLERGY.CODE_ALLERGY.8881073590";"colécalciférol solution"
"ALLERGY.CODE_ALLERGY.8881073591";"chlorquinol"
"ALLERGY.CODE_ALLERGY.8881073592";"chlorure mercureux"
"ALLERGY.CODE_ALLERGY.8881073593";"choline bitartrate"
"ALLERGY.CODE_ALLERGY.8881073594";"choline citrate"
"ALLERGY.CODE_ALLERGY.8881073595";"cire émusionnable non ionique au cétomacrogol 800"
"ALLERGY.CODE_ALLERGY.8881073596";"clémastine fumarate"
"ALLERGY.CODE_ALLERGY.8881073597";"diphémanil méthylsulfate"
"ALLERGY.CODE_ALLERGY.8881073598";"dodécyl-diméthyl-carbéthoxyméthyl-ammonium bromure"
"ALLERGY.CODE_ALLERGY.8881073599";"desloréline"
"ALLERGY.CODE_ALLERGY.8881073600";"dextropropoxyphène chlorhydrate"
"ALLERGY.CODE_ALLERGY.8881073601";"D-galactose"
"ALLERGY.CODE_ALLERGY.8881073602";"diclofénac"
"ALLERGY.CODE_ALLERGY.8881073603";"diéthylacétylsalicylate de méthyle"
"ALLERGY.CODE_ALLERGY.8881073604";"difémétorex"
"ALLERGY.CODE_ALLERGY.8881073605";"difénidol"
"ALLERGY.CODE_ALLERGY.8881073606";"diflunisal"
"ALLERGY.CODE_ALLERGY.8881073607";"dihydralazine"
"ALLERGY.CODE_ALLERGY.8881073608";"dihydroergocornine mésilate"
"ALLERGY.CODE_ALLERGY.8881073609";"dihydroergocristine mésilate"
"ALLERGY.CODE_ALLERGY.8881073610";"dihydroergotoxine ésilate"
"ALLERGY.CODE_ALLERGY.8881073611";"énalaprilate"
"ALLERGY.CODE_ALLERGY.8881073612";"estradiol phénylpropionate"
"ALLERGY.CODE_ALLERGY.8881073613";"estramustine phosphate disodique"
"ALLERGY.CODE_ALLERGY.8881073614";"estrogènes sulfoconjugués équins"
"ALLERGY.CODE_ALLERGY.8881073615";"fosfomycine calcique"
"ALLERGY.CODE_ALLERGY.8881073616";"fosphénytoïne"
"ALLERGY.CODE_ALLERGY.8881073617";"glafénine chlorhydrate"
"ALLERGY.CODE_ALLERGY.8881073618";"genévrier essence"
"ALLERGY.CODE_ALLERGY.8881073619";"hamamélis feuille extrait sec"
"ALLERGY.CODE_ALLERGY.8881073620";"hémoglobine"
"ALLERGY.CODE_ALLERGY.8881073621";"hétacilline"
"ALLERGY.CODE_ALLERGY.8881073622";"anticorps monoclonal murin"
"ALLERGY.CODE_ALLERGY.8881073623";"acide gadotérique sel de méglumine"
"ALLERGY.CODE_ALLERGY.8881073624";"acrivastine"
"ALLERGY.CODE_ALLERGY.8881073625";"alcaftadine"
"ALLERGY.CODE_ALLERGY.8881073626";"ritiométan"
"ALLERGY.CODE_ALLERGY.8881073627";"alglucérase"
"ALLERGY.CODE_ALLERGY.8881073628";"ampicilline anhydre"
"ALLERGY.CODE_ALLERGY.8881073629";"pipéracilline"
"ALLERGY.CODE_ALLERGY.8881073630";"pipérazine"
"ALLERGY.CODE_ALLERGY.8881073631";"histapyrrodine chlorhydrate"
"ALLERGY.CODE_ALLERGY.8881073632";"hyoscyamine aminoxyde salicylate"
"ALLERGY.CODE_ALLERGY.8881073633";"bupivacaïne chlorhydrate hydrate"
"ALLERGY.CODE_ALLERGY.8881073634";"étrétinate"
"ALLERGY.CODE_ALLERGY.8881073635";"étymémazine chlorhydrate"
"ALLERGY.CODE_ALLERGY.8881073636";"calcium benzamidosalicylate"
"ALLERGY.CODE_ALLERGY.8881073637";"fénovérine"
"ALLERGY.CODE_ALLERGY.8881073638";"fer chloropeptonate"
"ALLERGY.CODE_ALLERGY.8881073639";"ferrimannitol ovalbumine"
"ALLERGY.CODE_ALLERGY.8881073640";"carbocistéine lysine"
"ALLERGY.CODE_ALLERGY.8881073641";"fléroxacine"
"ALLERGY.CODE_ALLERGY.8881073642";"floséquinan"
"ALLERGY.CODE_ALLERGY.8881073643";"flucloxacilline sodique"
"ALLERGY.CODE_ALLERGY.8881073644";"cyclarbamate"
"ALLERGY.CODE_ALLERGY.8881073645";"cyclizine chlorhydrate"
"ALLERGY.CODE_ALLERGY.8881073646";"cyclopentobarbital"
"ALLERGY.CODE_ALLERGY.8881073647";"cyclopentobarbital éphédrine"
"ALLERGY.CODE_ALLERGY.8881073648";"cyclothiazide"
"ALLERGY.CODE_ALLERGY.8881073649";"fluphénazine chlorhydrate"
"ALLERGY.CODE_ALLERGY.8881073650";"fluphénazine énantate"
"ALLERGY.CODE_ALLERGY.8881073651";"fluspirilène"
"ALLERGY.CODE_ALLERGY.8881073652";"démécarium bromure"
"ALLERGY.CODE_ALLERGY.8881073653";"buclosamide"
"ALLERGY.CODE_ALLERGY.8881073654";"sulfate ferreux monohydrate"
"ALLERGY.CODE_ALLERGY.8881073655";"suxibuzone"
"ALLERGY.CODE_ALLERGY.8881073656";"thonzylamine chlorhydrate"
"ALLERGY.CODE_ALLERGY.8881073657";"tioclomarol"
"ALLERGY.CODE_ALLERGY.8881073658";"tolpérisone chlorhydrate"
"ALLERGY.CODE_ALLERGY.8881073659";"tolycaïne chlorhydrate"
"ALLERGY.CODE_ALLERGY.8881073660";"torasémide"
"ALLERGY.CODE_ALLERGY.8881073661";"tréosulfan"
"ALLERGY.CODE_ALLERGY.8881073662";"pholcodine phosphate"
"ALLERGY.CODE_ALLERGY.8881073663";"phosphate ferrique"
"ALLERGY.CODE_ALLERGY.8881073664";"polymyxine B mésilate"
"ALLERGY.CODE_ALLERGY.8881073665";"polythiazide"
"ALLERGY.CODE_ALLERGY.8881073666";"picolamine salicylate"
"ALLERGY.CODE_ALLERGY.8881073667";"niclosamide anhydre"
"ALLERGY.CODE_ALLERGY.8881073668";"pipenzolate bromure"
"ALLERGY.CODE_ALLERGY.8881073669";"pipérazine camsilate"
"ALLERGY.CODE_ALLERGY.8881073670";"pralidoxime chlorure"
"ALLERGY.CODE_ALLERGY.8881073671";"prednisolone succinate sodique"
"ALLERGY.CODE_ALLERGY.8881073672";"noréthistérone énantate"
"ALLERGY.CODE_ALLERGY.8881073673";"prilocaïne chlorhydrate"
"ALLERGY.CODE_ALLERGY.8881073674";"oeuf"
"ALLERGY.CODE_ALLERGY.8881073675";"oeuf phosphatides"
"ALLERGY.CODE_ALLERGY.8881073676";"ofloxacine chlorhydrate"
"ALLERGY.CODE_ALLERGY.8881073677";"pivampicilline"
"ALLERGY.CODE_ALLERGY.8881073678";"pivampicilline chlorhydrate"
"ALLERGY.CODE_ALLERGY.8881073679";"propanocaïne chlorhydrate"
"ALLERGY.CODE_ALLERGY.8881073680";"streptomycine pantothénate"
"ALLERGY.CODE_ALLERGY.8881073681";"streptomycine sulfate"
"ALLERGY.CODE_ALLERGY.8881073682";"protéines de hamster"
"ALLERGY.CODE_ALLERGY.8881073683";"prozapine chlorhydrate"
"ALLERGY.CODE_ALLERGY.8881073684";"prulifloxacine"
"ALLERGY.CODE_ALLERGY.8881073685";"sulfacétamide"
"ALLERGY.CODE_ALLERGY.8881073686";"sulfaméthoxypyridazine"
"ALLERGY.CODE_ALLERGY.8881073687";"sulfamétomidine"
"ALLERGY.CODE_ALLERGY.8881073688";"sulfamétoxydiazine"
"ALLERGY.CODE_ALLERGY.8881073689";"isonixine"
"ALLERGY.CODE_ALLERGY.8881073690";"orphénadrine citrate"
"ALLERGY.CODE_ALLERGY.8881073691";"kanamycine"
"ALLERGY.CODE_ALLERGY.8881073692";"kanamycine sesquisulfate"
"ALLERGY.CODE_ALLERGY.8881073693";"kétoprofène lysinate"
"ALLERGY.CODE_ALLERGY.8881073694";"réserpine chlorhydrate"
"ALLERGY.CODE_ALLERGY.8881073695";"osalmide"
"ALLERGY.CODE_ALLERGY.8881073696";"rimantadine"
"ALLERGY.CODE_ALLERGY.8881073697";"ménadione bisulfite sodique"
"ALLERGY.CODE_ALLERGY.8881073698";"menthe"
"ALLERGY.CODE_ALLERGY.8881073699";"menthe alcool"
"ALLERGY.CODE_ALLERGY.8881073700";"menthe essence"
"ALLERGY.CODE_ALLERGY.8881073701";"menthe essence déterpénée"
"ALLERGY.CODE_ALLERGY.8881073702";"oxyde ferrique"
"ALLERGY.CODE_ALLERGY.8881073703";"menthol essence"
"ALLERGY.CODE_ALLERGY.8881073704";"mépenzolate bromure"
"ALLERGY.CODE_ALLERGY.8881073705";"méprobamate"
"ALLERGY.CODE_ALLERGY.8881073706";"mépyramine acéfyllinate"
"ALLERGY.CODE_ALLERGY.8881073707";"méropénem anhydre"
"ALLERGY.CODE_ALLERGY.8881073708";"paraflutizide"
"ALLERGY.CODE_ALLERGY.8881073709";"saccharose poudre"
"ALLERGY.CODE_ALLERGY.8881073710";"salicylate de bornyle"
"ALLERGY.CODE_ALLERGY.8881073711";"lithium gluconate anhydre"
"ALLERGY.CODE_ALLERGY.8881073712";"satumomab pendetide"
"ALLERGY.CODE_ALLERGY.8881073713";"méthylpentynol carbamate"
"ALLERGY.CODE_ALLERGY.8881073714";"méthylprednisolone acéponate"
"ALLERGY.CODE_ALLERGY.8881073715";"méthylprednisolone succinate sodique"
"ALLERGY.CODE_ALLERGY.8881073716";"métipranolol"
"ALLERGY.CODE_ALLERGY.8881073717";"métipranolol chlorhydrate"
"ALLERGY.CODE_ALLERGY.8881073718";"penbutolol sulfate"
"ALLERGY.CODE_ALLERGY.8881073719";"sécobarbital sel de Na"
"ALLERGY.CODE_ALLERGY.8881073720";"MicroceLac 100"
"ALLERGY.CODE_ALLERGY.8881073721";"perphénazine énantate"
"ALLERGY.CODE_ALLERGY.8881073722";"macrogol 1000 palmitostéarate"
"ALLERGY.CODE_ALLERGY.8881073723";"macrogol 2000"
"ALLERGY.CODE_ALLERGY.8881073724";"p-formol"
"ALLERGY.CODE_ALLERGY.8881073725";"phénopéridine chlorhydrate"
"ALLERGY.CODE_ALLERGY.8881073726";"phenprobamate"
"ALLERGY.CODE_ALLERGY.8881073727";"macrogol 400 myristate"
"ALLERGY.CODE_ALLERGY.8881073728";"acamprosate"
"ALLERGY.CODE_ALLERGY.8881073729";"acépromazine"
"ALLERGY.CODE_ALLERGY.8881073730";"acétiamine chlorhydrate"
"ALLERGY.CODE_ALLERGY.8881073731";"acide 5-aminolévulinique"
"ALLERGY.CODE_ALLERGY.8881073732";"acide clodronique sel disodique"
"ALLERGY.CODE_ALLERGY.8881073733";"acide clodronique sel disodique anhydre"
"ALLERGY.CODE_ALLERGY.8881073734";"alpha-tocophérol hydrogénosuccinate"
"ALLERGY.CODE_ALLERGY.8881073735";"azapropazone"
"ALLERGY.CODE_ALLERGY.8881073736";"azilsartan médoxomil potassique"
"ALLERGY.CODE_ALLERGY.8881073737";"balsalazide sodique"
"ALLERGY.CODE_ALLERGY.8881073738";"barnidipine chlorhydrate"
"ALLERGY.CODE_ALLERGY.8881073739";"artichaut extrait"
"ALLERGY.CODE_ALLERGY.8881073740";"artichaut feuille extrait aqueux"
"ALLERGY.CODE_ALLERGY.8881073741";"artichaut feuille fraîche"
"ALLERGY.CODE_ALLERGY.8881073742";"aubépine fleur et feuille extrait sec hydroalcoolique"
"ALLERGY.CODE_ALLERGY.8881073743";"aubépine sommité fleurie extrait mou aqueux"
"ALLERGY.CODE_ALLERGY.8881073744";"aubépine sommité fleurie extrait sec hydrométhanol"
"ALLERGY.CODE_ALLERGY.8881073745";"béraprost"
"ALLERGY.CODE_ALLERGY.8881073746";"béraprost sodique"
"ALLERGY.CODE_ALLERGY.8881073747";"bétaïne hydrate"
"ALLERGY.CODE_ALLERGY.8881073748";"céfodizime sodique"
"ALLERGY.CODE_ALLERGY.8881073749";"ceftizoxime sel de Na"
"ALLERGY.CODE_ALLERGY.8881073750";"cétrimide solution"
"ALLERGY.CODE_ALLERGY.8881073751";"cloréxolone"
"ALLERGY.CODE_ALLERGY.8881073752";"cobalt pidolate"
"ALLERGY.CODE_ALLERGY.8881073753";"chlorpropamide"
"ALLERGY.CODE_ALLERGY.8881073754";"choline pantothénate"
"ALLERGY.CODE_ALLERGY.8881073755";"ciprofloxacine chlorhydrate monohydrate"
"ALLERGY.CODE_ALLERGY.8881073756";"cisapride"
"ALLERGY.CODE_ALLERGY.8881073757";"clarithromycine lactobionate"
"ALLERGY.CODE_ALLERGY.8881073758";"d-alpha-tocophérol"
"ALLERGY.CODE_ALLERGY.8881073759";"dirithromycine"
"ALLERGY.CODE_ALLERGY.8881073760";"dexaméthasone valérate"
"ALLERGY.CODE_ALLERGY.8881073761";"diclofénamide"
"ALLERGY.CODE_ALLERGY.8881073762";"diéthazine chlorhydrate"
"ALLERGY.CODE_ALLERGY.8881073763";"dihydroergocornine ésilate"
"ALLERGY.CODE_ALLERGY.8881073764";"écothiopate iodure"
"ALLERGY.CODE_ALLERGY.8881073765";"éthiazide"
"ALLERGY.CODE_ALLERGY.8881073766";"encaïnide chlorhydrate"
"ALLERGY.CODE_ALLERGY.8881073767";"enprostil"
"ALLERGY.CODE_ALLERGY.8881073768";"éprozinol dichlorhydrate"
"ALLERGY.CODE_ALLERGY.8881073769";"estradiol undécylate"
"ALLERGY.CODE_ALLERGY.8881073770";"folinate de calcium pentahydrate"
"ALLERGY.CODE_ALLERGY.8881073771";"fomépizole"
"ALLERGY.CODE_ALLERGY.8881073772";"glisentide"
"ALLERGY.CODE_ALLERGY.8881073773";"furosémide xantinol"
"ALLERGY.CODE_ALLERGY.8881073774";"gentamicine anhydre"
"ALLERGY.CODE_ALLERGY.8881073775";"hamamélis de Virginie feuille extrait mou hydroalcoolique"
"ALLERGY.CODE_ALLERGY.8881073776";"hamamélis extrait hydroalcoolique"
"ALLERGY.CODE_ALLERGY.8881073777";"hamamélis extrait sec aqueux"
"ALLERGY.CODE_ALLERGY.8881073778";"hamamélis feuille extrait"
"ALLERGY.CODE_ALLERGY.8881073779";"hétacilline sel de K"
"ALLERGY.CODE_ALLERGY.8881073780";"hexocyclium méthylsulfate"
"ALLERGY.CODE_ALLERGY.8881073781";"glymidine sodique"
"ALLERGY.CODE_ALLERGY.8881073782";"grindélia extrait hydroalcoolique"
"ALLERGY.CODE_ALLERGY.8881073783";"grindélia extrait sec hydroalcoolique"
"ALLERGY.CODE_ALLERGY.8881073784";"irinotécan chlorhydrate"
"ALLERGY.CODE_ALLERGY.8881073785";"anisindione"
"ALLERGY.CODE_ALLERGY.8881073786";"antazoline phosphate"
"ALLERGY.CODE_ALLERGY.8881073787";"tiotropium bromure"
"ALLERGY.CODE_ALLERGY.8881073788";"acide piromidique"
"ALLERGY.CODE_ALLERGY.8881073789";"albumine humaine plasmatique solution"
"ALLERGY.CODE_ALLERGY.8881073790";"aluminium salicylate"
"ALLERGY.CODE_ALLERGY.8881073791";"amikacine"
"ALLERGY.CODE_ALLERGY.8881073792";"amlodipine mésilate"
"ALLERGY.CODE_ALLERGY.8881073793";"ampicilline benzathine"
"ALLERGY.CODE_ALLERGY.8881073794";"midécamycine"
"ALLERGY.CODE_ALLERGY.8881073795";"oxybutynine"
"ALLERGY.CODE_ALLERGY.8881073796";"lévofloxacine"
"ALLERGY.CODE_ALLERGY.8881073797";"hydroxyde ferrique polymaltose"
"ALLERGY.CODE_ALLERGY.8881073798";"butacaïne sulfate"
"ALLERGY.CODE_ALLERGY.8881073799";"butalbital"
"ALLERGY.CODE_ALLERGY.8881073800";"butoforme picrate"
"ALLERGY.CODE_ALLERGY.8881073801";"complexe sulfate ferreux - glycine"
"ALLERGY.CODE_ALLERGY.8881073802";"fénoprofène"
"ALLERGY.CODE_ALLERGY.8881073803";"cannabidiol"
"ALLERGY.CODE_ALLERGY.8881073804";"cortisone acétate"
"ALLERGY.CODE_ALLERGY.8881073805";"ferucarbotran"
"ALLERGY.CODE_ALLERGY.8881073806";"fexofénadine"
"ALLERGY.CODE_ALLERGY.8881073807";"carbénicilline sodique"
"ALLERGY.CODE_ALLERGY.8881073808";"cuivre pidolate"
"ALLERGY.CODE_ALLERGY.8881073809";"flucloxacilline magnésium"
"ALLERGY.CODE_ALLERGY.8881073810";"cyclobarbital sel de Ca"
"ALLERGY.CODE_ALLERGY.8881073811";"cyclobutyrol bétaïne"
"ALLERGY.CODE_ALLERGY.8881073812";"brétylium tosilate"
"ALLERGY.CODE_ALLERGY.8881073813";"broxaldine"
"ALLERGY.CODE_ALLERGY.8881073814";"buclizine dichlorhydrate"
"ALLERGY.CODE_ALLERGY.8881073815";"sulfaproxyline"
"ALLERGY.CODE_ALLERGY.8881073816";"sulfasuccinamide"
"ALLERGY.CODE_ALLERGY.8881073817";"sultamicilline"
"ALLERGY.CODE_ALLERGY.8881073818";"suxaméthonium iodure"
"ALLERGY.CODE_ALLERGY.8881073819";"taliglucérase alfa"
"ALLERGY.CODE_ALLERGY.8881073820";"tégafur"
"ALLERGY.CODE_ALLERGY.8881073821";"testostérone cipionate"
"ALLERGY.CODE_ALLERGY.8881073822";"testostérone cyclohexylpropionate"
"ALLERGY.CODE_ALLERGY.8881073823";"tétraméthylammonium iodure"
"ALLERGY.CODE_ALLERGY.8881073824";"thényldiamine chlorhydrate"
"ALLERGY.CODE_ALLERGY.8881073825";"thiopental sodique"
"ALLERGY.CODE_ALLERGY.8881073826";"tolbutamide"
"ALLERGY.CODE_ALLERGY.8881073827";"triamcinolone diacétate"
"ALLERGY.CODE_ALLERGY.8881073828";"troléandomycine"
"ALLERGY.CODE_ALLERGY.8881073829";"tropenziline bromure"
"ALLERGY.CODE_ALLERGY.8881073830";"magnésium bromoglutamate"
"ALLERGY.CODE_ALLERGY.8881073831";"sisomicine sulfate"
"ALLERGY.CODE_ALLERGY.8881073832";"polymyxine B"
"ALLERGY.CODE_ALLERGY.8881073833";"sodium benzamidosalicylate"
"ALLERGY.CODE_ALLERGY.8881073834";"sodium dithiosalicylate"
"ALLERGY.CODE_ALLERGY.8881073835";"nabilone"
"ALLERGY.CODE_ALLERGY.8881073836";"phtalylsulfaméthizol"
"ALLERGY.CODE_ALLERGY.8881073837";"nickel pidolate"
"ALLERGY.CODE_ALLERGY.8881073838";"pikétoprofène"
"ALLERGY.CODE_ALLERGY.8881073839";"pipérazine phosphate"
"ALLERGY.CODE_ALLERGY.8881073840";"pranosal"
"ALLERGY.CODE_ALLERGY.8881073841";"prednicarbate"
"ALLERGY.CODE_ALLERGY.8881073842";"nimotuzumab"
"ALLERGY.CODE_ALLERGY.8881073843";"nonoxinol 9"
"ALLERGY.CODE_ALLERGY.8881073844";"pridinol chlorhydrate"
"ALLERGY.CODE_ALLERGY.8881073845";"prifinium bromure"
"ALLERGY.CODE_ALLERGY.8881073846";"spirapril chlorhydrate"
"ALLERGY.CODE_ALLERGY.8881073847";"pitavastatine calcique"
"ALLERGY.CODE_ALLERGY.8881073848";"pixantrone dimaléate"
"ALLERGY.CODE_ALLERGY.8881073849";"poisson huile naturelle"
"ALLERGY.CODE_ALLERGY.8881073850";"propicilline sel de K"
"ALLERGY.CODE_ALLERGY.8881073851";"protéines d'oeuf"
"ALLERGY.CODE_ALLERGY.8881073852";"protéines de souris"
"ALLERGY.CODE_ALLERGY.8881073853";"sulfadimidine"
"ALLERGY.CODE_ALLERGY.8881073854";"ipratropium bromure anhydre"
"ALLERGY.CODE_ALLERGY.8881073855";"kétansérine"
"ALLERGY.CODE_ALLERGY.8881073856";"réserpiline nicotinate"
"ALLERGY.CODE_ALLERGY.8881073857";"réserpine triacate"
"ALLERGY.CODE_ALLERGY.8881073858";"ménadione"
"ALLERGY.CODE_ALLERGY.8881073859";"menthe alcoolat"
"ALLERGY.CODE_ALLERGY.8881073860";"menthe crépue essence naturelle"
"ALLERGY.CODE_ALLERGY.8881073861";"menthe poivrée essence : solution alcoolique"
"ALLERGY.CODE_ALLERGY.8881073862";"menthe verte"
"ALLERGY.CODE_ALLERGY.8881073863";"mépacrine dichlorhydrate"
"ALLERGY.CODE_ALLERGY.8881073864";"mercurobutol"
"ALLERGY.CODE_ALLERGY.8881073865";"mésoridazine bésilate"
"ALLERGY.CODE_ALLERGY.8881073866";"métapramine fumarate"
"ALLERGY.CODE_ALLERGY.8881073867";"méthénamine"
"ALLERGY.CODE_ALLERGY.8881073868";"méthénamine anhydrométhylène citrate"
"ALLERGY.CODE_ALLERGY.8881073869";"méthénamine hippurate"
"ALLERGY.CODE_ALLERGY.8881073870";"linagliptine"
"ALLERGY.CODE_ALLERGY.8881073871";"sauge extrait fluide"
"ALLERGY.CODE_ALLERGY.8881073872";"méthylcolamine succinate"
"ALLERGY.CODE_ALLERGY.8881073873";"lithium phosphate"
"ALLERGY.CODE_ALLERGY.8881073874";"lithium pidolate"
"ALLERGY.CODE_ALLERGY.8881073875";"lithium salicylate"
"ALLERGY.CODE_ALLERGY.8881073876";"lopéramide oxyde anhydre"
"ALLERGY.CODE_ALLERGY.8881073877";"loracarbef"
"ALLERGY.CODE_ALLERGY.8881073878";"scopolamine chlorhydrate"
"ALLERGY.CODE_ALLERGY.8881073879";"mezlocilline"
"ALLERGY.CODE_ALLERGY.8881073880";"mezlocilline sel de Na"
"ALLERGY.CODE_ALLERGY.8881073881";"pentaméthonium bromure"
"ALLERGY.CODE_ALLERGY.8881073882";"pepsine d'origine porcine poudre"
"ALLERGY.CODE_ALLERGY.8881073883";"perphénazine"
"ALLERGY.CODE_ALLERGY.8881073884";"macrogol"
"ALLERGY.CODE_ALLERGY.8881073885";"macrogol 1500 stéarate"
"ALLERGY.CODE_ALLERGY.8881073886";"macrogol 1540"
"ALLERGY.CODE_ALLERGY.8881073887";"macrogol 1540 oléate"
"ALLERGY.CODE_ALLERGY.8881073888";"macrogolglycérides caprylocapriques"
"ALLERGY.CODE_ALLERGY.8881073889";"macrogol glycérides lauriques"
